Workbook

Sheet 총괄표
B2: FDD보고서_한결식품(가상)_draft 풋팅 검증 워크북
B3: FDD보고서_한결식품(가상)_draft.pptx
B4: 검증 대상: / 주석 7개
B6: 시트 | C6: 제 목 | D6: 링크 | E6: 푸팅 오류 | F6: 산식 오류 | G6: 크로스 오류 | H6: 조서 차이 | I6: 전기 차이 | J6: 구조 미인식 | K6: 조서 미매칭
B7: S1 | C7: S1. 재무실사 보고서 (Draft) | D7: =HYPERLINK("#'S1'!A1","바로가기") | E7: 0 | F7: 0 | G7: 0 | H7: 0 | I7: 0 | J7: 0 | K7: 0
B8: S2 | C8: S2. 1. 요약 (Executive Summary) | D8: =HYPERLINK("#'S2'!A1","바로가기") | E8: 0 | F8: 0 | G8: 0 | H8: 0 | I8: 0 | J8: 0 | K8: 0
B9: S3 | C9: S3. 2. 요약 손익 | D9: =HYPERLINK("#'S3'!A1","바로가기") | E9: 0 | F9: 0 | G9: 0 | H9: 0 | I9: 0 | J9: 0 | K9: 0
B10: S4 | C10: S4. 3. 이익의 질 (조정 EBITDA) | D10: =HYPERLINK("#'S4'!A1","바로가기") | E10: 0 | F10: 0 | G10: =SUMPRODUCT(--ISNUMBER('S4'!B18:B19)) | H10: 0 | I10: 0 | J10: 0 | K10: 0
B11: S5 | C11: S5. 4. 순운전자본 | D11: =HYPERLINK("#'S5'!A1","바로가기") | E11: 0 | F11: 0 | G11: 0 | H11: 0 | I11: 0 | J11: 0 | K11: 0
B12: S6 | C12: S6. 5. 순차입금 (2025년 12월 31일 현재) | D12: =HYPERLINK("#'S6'!A1","바로가기") | E12: 0 | F12: 0 | G12: 0 | H12: 0 | I12: 0 | J12: 0 | K12: 0
B13: S7 | C13: S7. 6. 매출처별 매출 (FY2025) | D13: =HYPERLINK("#'S7'!A1","바로가기") | E13: =SUMPRODUCT(--ISNUMBER('S7'!B12:B12))+SUMPRODUCT(--ISNUMBER('S7'!C12:C12)) | F13: 0 | G13: =SUMPRODUCT(--ISNUMBER('S7'!B18:B18)) | H13: 0 | I13: 0 | J13: 0 | K13: 0
B14: 서술검산 | C14: 서술 검산 (본문 수치 재계산) | D14: =HYPERLINK("#'서술검산'!A1","바로가기") | E14: 0 | F14: 0 | G14: =SUMPRODUCT(--ISNUMBER('서술검산'!H4:H9)) | H14: 0 | I14: 0 | J14: 0 | K14: 0
C15: 합 계 | E15: =SUM(E7:E14) | F15: =SUM(F7:F14) | G15: =SUM(G7:G14) | H15: =SUM(H7:H14) | I15: =SUM(I7:I14) | J15: =SUM(J7:J14) | K15: =SUM(K7:K14)
B17: 지적사항
B18: S | C18: 발행 전 필수 수정 | D18: 5
B19: A | C19: 내용 보강·확인 | D19: 2
B20: B | C20: 표 형식 | D20: 1
B21: C | C21: 문구·오타 | D21: 2
B23: 핵심 결론
B24: 보고서 수치 72개 중 68개는 조서에서 근거를 찾았고 4개가 미매칭이다. 미매칭 중 2개(매출 24,650·조정 EBITDA 2,900)는 조서 값과 다른 오류이고, 비중 2개(40.0%·20.0%)는 재계산으로 확인됐다. 조서에만 있고 보고서에 없는 수치 4건(순차입금 3,450·순운전자본 3,210·조정 EBITDA 2,920·리스부채 1,240)이 모두 지적으로 이어졌다 — 보고서가 조용히 넘어간 숫자가 핵심 지적이다. 요약 슬라이드의 결론 4문장 중 3문장(성장률·순차입금·거래처 특이사항 없음)이 숫자나 조서로 뒷받침되지 않는다. 발행 전 S급 5건을 먼저 고쳐야 한다.
B26: ※ 검증셀은 IF(ABS(차이)<허용오차, TRUE, 차이). 숫자가 보이면 오류이며 위 표는 그 개수를 센다.
B27: ※ 보고서에 적힌 합계는 값으로 그대로 두고, 검증셀이 Σ항목과 비교한다.
B28: ※ 크로스 참조 중 천원 표 ↔ 원 단위 본문은 단수차이를 고려해 ±5,000원을 기본 허용오차로 둔다.
B29: ※ '구조 미인식'은 계층·표준 산식으로 검증하지 못한 소계 수다. 04_structure.json 의 rules 로 정의한다.
B30: ※ '조서 차이'는 04_structure.json 의 wp 매핑이 있을 때만 채워진다.
B31: ※ 천원 등 반올림 단위 표의 허용오차는 기본 ±1 (tol_rounded=1.5). 원 단위는 ±0 (tol=0.5).
B32: ※ 주석 표 합계는 Σ행 · 직전소계+Σ행 · Σ소계 · 소계−소계 중 맞아떨어지는 해석을 골라 수식으로 남기고, 어느 해석인지 검증행에 적는다.
B33: ※ 비율·일수·단가 열은 합산 검증에서 제외한다.

Sheet S1
A1: S1. 재무실사 보고서 (Draft) | J1: =HYPERLINK("#총괄표!A1","◀ 총괄표")
A3: 재무실사 보고서 (Draft)
A4: ㈜한결식품(가상)
A5: 실사 기준일: 2026년 6월 30일
A6: 실사 대상기간: FY2023 ~ 2026년 상반기
A7: 본 자료의 회사·숫자는 풋팅 스킬 예시를 위해 지어낸 것입니다.

Sheet S2
A1: S2. 1. 요약 (Executive Summary) | J1: =HYPERLINK("#총괄표!A1","◀ 총괄표")
A3: 1. 요약 (Executive Summary)
A4: • FY2025 매출은 전년 대비 17.2% 성장한 24,560백만원이며, 조정 EBITDA 는 3,010백만원입니다.
A5: • 주요 거래처(A유통·B마트·C식자재) 매출 인식에 특이사항은 없습니다.
A6: • 실사 기준일 현재 리스부채 포함 순차입금은 2,210백만원입니다.
A7: • 순운전 자본은 매출 증가에 따라 FY2023 2,520백만원에서 FY2025 3,120백만원으로 증가했습니다.

Sheet S3
A1: S3. 2. 요약 손익 | J1: =HYPERLINK("#총괄표!A1","◀ 총괄표")
A3: 2. 요약 손익
A4: (단위: 백만원)
B5: (단위: 백만원)
A6: 구분 | B6: FY2023 | C6: FY2024 | D6: FY2025 | E6: 2026 1H
A7: 매출 | B7: 18420 | C7: 21350 | D7: 24650 | E7: 12980
A8: 매출원가 | B8: 12890 | C8: 14730 | D8: 16920 | E8: 8950
A9: 매출 총이익 | B9: 5530 | C9: 6620 | D9: 7640 | E9: 4030
A10: 판매비와관리비 | B10: 3980 | C10: 4510 | D10: 5120 | E10: 2760
A11: 영업이익 | B11: 1550 | C11: 2110 | D11: 2520 | E11: 1270
A12: 감가상각비·무형자산상각비 | B12: 620 | C12: 690 | D12: 760 | E12: 410
A13: EBITDA | B13: 2170 | C13: 2800 | D13: 3280 | E13: 1680
A15: • 매출은 B2B 식자재 유통 확대로 3개년 연평균 15.5% 성장
A16: • 매출총이익률 FY2023 30.0% → FY2025 31.1%

Sheet S4
A1: S4. 3. 이익의 질 (조정 EBITDA) | J1: =HYPERLINK("#총괄표!A1","◀ 총괄표")
A3: 3. 이익의 질 (조정 EBITDA)
A4: (단위: 백만원)
B5: (단위: 백만원)
A6: 구분 | B6: FY2023 | C6: FY2024 | D6: FY2025 | E6: 2026 1H
A7: 보고 EBITDA | B7: 2170 | C7: 2800 | D7: 3280 | E7: 1680
A8: (+) 일회성 소송합의금 | B8: 0 | C8: 180 | D8: 0 | E8: 0
A9: (−) 특수관계자 임차료 시가 초과분 | B9: -60 | C9: -60 | D9: -60 | E9: -30
A10: (−) 정부보조금 수익 | B10: 0 | C10: 0 | D10: -120 | E10: 0
A11: (−) 재고평가손실 환입 | B11: 0 | C11: 0 | D11: -90 | E11: 0
A12: 조정 EBITDA | B12: 2110 | C12: 2900 | D12: 3010 | E12: 1650
A14: • 일회성 소송합의금(FY2024)과 비경상 수익(정부보조금·재고평가손실 환입)을 제거
A15: • 대표이사 소유 창고 임차료는 시가(월 10백만원) 초과분을 차감
A17: ■ 크로스 참조
A18: 슬라이드4 보고 EBITDA FY2025 = 슬라이드3 EBITDA FY2025 | B18: =IF(ABS(D7-'S3'!D13)<0.5,TRUE,D7-'S3'!D13) | C18: → S3!D13
A19: 슬라이드4 보고 EBITDA 2026 1H = 슬라이드3 EBITDA 2026 1H | B19: =IF(ABS(E7-'S3'!E13)<0.5,TRUE,E7-'S3'!E13) | C19: → S3!E13

Sheet S5
A1: S5. 4. 순운전자본 | J1: =HYPERLINK("#총괄표!A1","◀ 총괄표")
A3: 4. 순운전자본
A4: 구분 | B4: FY2023 | C4: FY2024 | D4: FY2025 | E4: 2026 1H
A5: 매출채권 | B5: 2310 | C5: 2640 | D5: 3050 | E5: 3180
A6: 재고자산 | B6: 1480 | C6: 1620 | D6: 1810 | E6: 1900
A7: 매입채무 | B7: -1150 | C7: -1290 | D7: -1470 | E7: -1520
A8: 기타유동부채 | B8: -120 | C8: -140 | D8: -180 | E8: -190
A9: 순운전자본 | B9: 2520 | C9: 2830 | D9: 3120 | E9: 3370
A11: • 매출채권 회전일수 FY2023 46일 → FY2025 45일로 안정적
A12: • 재고자산은 원재료 선매입으로 증가 추세

Sheet S6
A1: S6. 5. 순차입금 (2025년 12월 31일 현재) | J1: =HYPERLINK("#총괄표!A1","◀ 총괄표")
A3: 5. 순차입금 (2025년 12월 31일 현재)
A4: (단위: 백만원)
B5: (단위: 백만원)
A6: 구분 | B6: 금액 | C6: 비고
A7: 단기차입금 | B7: 2100 | C7: ○○은행 운전자금, 만기 2026-06
A8: 장기차입금 | B8: 1800 | C8: △△은행 시설자금, 만기 2028-12
A9: (−) 현금및현금성자산 | B9: -1690 | C9: 은행조회서 대사 완료
A10: 순차입금 | B10: 2210 | C10: 리스부채 포함
A12: • 단기차입금은 2026년 6월 만기 도래 — 차환 조건 확인 필요

Sheet S7
A1: S7. 6. 매출처별 매출 (FY2025) | J1: =HYPERLINK("#총괄표!A1","◀ 총괄표")
A3: 6. 매출처별 매출 (FY2025)
A4: (단위: 백만원)
B5: (단위: 백만원)
A6: 거래처 | B6: 매출 | C6: 비중
A7: A유통 | B7: 9820 | C7: 40.0%
A8: B마트 | B8: 6140 | C8: 25.0%
A9: C식자재 | B9: 3680 | C9: 15.0%
A10: 기타 | B10: 4920 | C10: 20.0%
A11: 합계 | B11: 24560 | C11: 100.0%
A12: └ 푸팅검증: 합계(행 11) − Σ(행) | B12: =IF(ABS(B11-(SUM(B7:B10)))<1.5,TRUE,B11-(SUM(B7:B10))) | C12: =IF(ABS(C11-(SUM(C7:C10)))<1.5,TRUE,C11-(SUM(C7:C10)))
A14: • 상위 3개 거래처 비중 80.0%
A15: • 주요 거래처 매출 인식에 특이사항 없음
A17: ■ 크로스 참조
A18: 슬라이드7 매출처별 합계 = 슬라이드3 매출 FY2025 | B18: =IF(ABS(B11-'S3'!D7)<0.5,TRUE,B11-'S3'!D7) | C18: → S3!D7

Sheet 지적사항
A1: 지적사항 — 중요도 순 (S: 발행 전 필수 / A: 내용 보강·확인 / B: 표 형식·레이아웃 / C: 문구·오타)
A3: 중요도 | B3: No | C3: 유형 | D3: 위치 | E3: 지적 내용 | F3: 근거 · 계산 | G3: 수정안
A4: S | B4: 1 | C4: 결론·근거 | D4: 슬라이드6 표1 순차입금 / 슬라이드2 요약 | E4: 순차입금 2,210백만원은 리스부채를 뺀 값인데, 표 비고와 요약 문장은 '리스부채 포함'이라고 쓴다. | F4: 조서 순차입금!B9 = 2,100 + 1,800 + 1,240 − 1,690 = 3,450. 보고서 표는 리스부채 1,240 행이 빠져 2,100 + 1,800 − 1,690 = 2,210. 차이 1,240 = 리스부채 전액. | G4: 리스부채 행을 넣고 순차입금을 3,450으로 고치거나, 리스부채 제외 기준이면 비고·요약 문구를 '리스부채 제외'로 바꾸고 제외 사유를 쓴다.
A5: S | B5: 2 | C5: 결론·근거 | D5: 슬라이드2 요약 · 슬라이드7 본문 | E5: 조서에 B마트 '확인필요'(반품 조건 계약서 미입수) 가 남아 있는데 보고서는 '주요 거래처 매출 인식에 특이사항 없음'으로 끝맺는다. | F5: 조서 매출처별!C6 = 확인필요, 비고: 90일 미판매분 반품 조건 계약서 미입수 — 매출 인식 시점 검토 필요. B마트 FY2025 매출 6,140 = 전체 24,560의 25.0%. | G5: 계약서를 입수해 반품권 회계처리(변동대가·환불부채)를 확인한 뒤 결론을 쓰거나, 미확인 상태를 보고서에 제한사항으로 명시한다.
A6: S | B6: 3 | C6: 숫자대사 | D6: 슬라이드3 표1 매출 FY2025 | E6: FY2025 매출 24,650이 조서와 다르다. | F6: 조서 IS_요약!D4 = 24,560. 24,650 − 24,560 = 90 (가운데 두 자리 뒤바뀜). 슬라이드7 매출처별 합계 24,560과도 어긋난다. | G6: 24,560으로 정정. 매출총이익률(31.1%)·성장률 문구도 재계산.
A7: S | B7: 4 | C7: 합계검산 | D7: 슬라이드4 표1 조정 EBITDA FY2024 | E7: 조정 EBITDA FY2024 2,900이 항목 합과 다르다. | F7: 2,800 + 180 − 60 + 0 + 0 = 2,920 (조서 QoE조정!C9 = 2,920). 차이 −20. | G7: 2,920으로 정정.
A8: S | B8: 5 | C8: 합계검산 | D8: 슬라이드5 표1 순운전자본 FY2025 / 슬라이드2 요약 | E8: 순운전자본 FY2025 3,120이 항목 합과 다르다. 요약 문장에도 같은 숫자가 들어갔다. | F8: 3,050 + 1,810 − 1,470 − 180 = 3,210 (조서 NWC!D9 = 3,210). 차이 −90. | G8: 표와 요약 문장을 3,210으로 정정.
A9: A | B9: 6 | C9: 서술검산 | D9: 슬라이드2 요약 첫 문장 | E9: 'FY2025 매출은 전년 대비 17.2% 성장'이 표의 숫자로 성립하지 않는다. | F9: 조서 기준 24,560 ÷ 21,350 − 1 = 15.0%. 보고서 표의 24,650으로 계산해도 15.5%. 17.2%의 출처가 조서·보고서 어디에도 없다. | G9: 15.0%로 고치고, 성장률 산식(전년 대비)을 표 주석에 적는다.
A10: A | B10: 7 | C10: 누락 | D10: 슬라이드5 표1 | E10: 순운전자본 표에 단위·기준일·산식 정의가 없다. | F10: 다른 표는 '(단위: 백만원)' 표기가 있는데 이 표만 없다. 조서 NWC 시트에는 '기준일: 각 회계기간 말일, 순운전자본 = 매출채권 + 재고자산 − 매입채무 − 기타유동부채'가 적혀 있으나 보고서에는 없다. | G10: 단위·기준일(각 기말, 2026 1H = 2026-06-30)·산식을 표 아래에 적는다.
A11: B | B11: 8 | C11: 표형식 | D11: 슬라이드7 표1 행5(합계) | E11: 합계행에 굵게·음영 등 강조가 없어 데이터행과 구분되지 않는다. | F11: format_audit: S7/Table 3 행5. | G11: 합계행 굵게 + 상단 괘선.
A12: C | B12: 9 | C12: 용어 | D12: 슬라이드3 표1 행3 / 슬라이드3 본문 | E12: '매출 총이익'(표)과 '매출총이익'(본문·조서) 띄어쓰기 혼용. | F12: 조서 IS_요약 라벨은 '매출총이익'. | G12: '매출총이익'으로 통일.
A13: C | B13: 10 | C13: 용어 | D13: 슬라이드2 요약 넷째 문장 / 슬라이드5 제목·표 | E13: '순운전 자본'(요약)과 '순운전자본'(슬라이드5) 띄어쓰기 혼용. | F13: 조서 NWC 시트 라벨은 '순운전자본'. | G13: '순운전자본'으로 통일.

Sheet 서술검산
A1: 서술 검산 — 본문 문장의 수치를 표 값으로 재계산 | H1: =HYPERLINK("#총괄표!A1","◀ 총괄표")
A3: No | B3: 위치 | C3: 문장 | D3: 기재값 | E3: 단위 | F3: 재계산식 | G3: 재계산값 | H3: 차이
A4: 1 | B4: 슬라이드 2 | C4: FY2025 매출은 전년 대비 17.2% 성장 | D4: 17.2 | E4: % | F4: ('S3'!D7/'S3'!C7-1)*100 | G4: =('S3'!D7/'S3'!C7-1)*100 | H4: =IF(ABS(G4-D4)<0.05,TRUE,G4-D4)
A5: 2 | B5: 슬라이드 4 | C5: 조정 EBITDA FY2024 2,900 = 보고 EBITDA + 조정 항목 | D5: 2900 | E5: 백만원 | F5: 'S4'!C7+'S4'!C8+'S4'!C9+'S4'!C10+'S4'!C11 | G5: ='S4'!C7+'S4'!C8+'S4'!C9+'S4'!C10+'S4'!C11 | H5: =IF(ABS(G5-D5)<0.5,TRUE,G5-D5)
A6: 3 | B6: 슬라이드 4 | C6: 조정 EBITDA FY2025 3,010 = 보고 EBITDA + 조정 항목 | D6: 3010 | E6: 백만원 | F6: 'S4'!D7+'S4'!D8+'S4'!D9+'S4'!D10+'S4'!D11 | G6: ='S4'!D7+'S4'!D8+'S4'!D9+'S4'!D10+'S4'!D11 | H6: =IF(ABS(G6-D6)<0.5,TRUE,G6-D6)
A7: 4 | B7: 슬라이드 5 | C7: 순운전자본 FY2025 3,120 = 매출채권 + 재고자산 − 매입채무 − 기타유동부채 | D7: 3120 | E7: 백만원 | F7: 'S5'!D5+'S5'!D6+'S5'!D7+'S5'!D8 | G7: ='S5'!D5+'S5'!D6+'S5'!D7+'S5'!D8 | H7: =IF(ABS(G7-D7)<0.5,TRUE,G7-D7)
A8: 5 | B8: 슬라이드 3 | C8: 매출총이익률 FY2025 31.1% | D8: 31.1 | E8: % | F8: 'S3'!D9/'S3'!D7*100 | G8: ='S3'!D9/'S3'!D7*100 | H8: =IF(ABS(G8-D8)<0.05,TRUE,G8-D8)
A9: 6 | B9: 슬라이드 7 | C9: 상위 3개 거래처 비중 80.0% | D9: 80 | E9: % | F9: ('S7'!B7+'S7'!B8+'S7'!B9)/'S7'!B11*100 | G9: =('S7'!B7+'S7'!B8+'S7'!B9)/'S7'!B11*100 | H9: =IF(ABS(G9-D9)<0.05,TRUE,G9-D9)

Sheet 숫자대사
A1: 숫자 대사 명세 — 보고서 기재액 ↔ 조서·원장
A3: No | B3: 항목 | C3: 보고서 기재 | D3: 대사 원천 | E3: 원천 금액 | F3: 차이 | G3: 대사 근거
A4: 1 | B4: 매출 FY2025 (슬라이드3) | C4: 24650 | D4: IS_요약!D4 | E4: 24560 | F4: 90 | G4: 숫자 뒤바뀜 — 지적 3
A5: 2 | B5: 조정 EBITDA FY2024 (슬라이드4) | C5: 2900 | D5: QoE조정!C9 / 항목 합 | E5: 2920 | F5: -20 | G5: 2,800+180−60 — 지적 4
A6: 3 | B6: 순운전자본 FY2025 (슬라이드5) | C6: 3120 | D6: NWC!D9 / 항목 합 | E6: 3210 | F6: -90 | G6: 3,050+1,810−1,470−180 — 지적 5
A7: 4 | B7: 순차입금 FY2025말 (슬라이드6) | C7: 2210 | D7: 순차입금!B9 | E7: 3450 | F7: -1240 | G7: 리스부채 1,240 누락 — 지적 1
A8: 5 | B8: 매출 FY2023·FY2024·2026 1H (슬라이드3) | C8: 18420 | D8: IS_요약!B4·C4·E4 | E8: 18420 | F8: 0 | G8: 21,350 / 12,980 도 일치
A9: 6 | B9: EBITDA FY2023~2026 1H (슬라이드3 = 슬라이드4 보고 EBITDA) | C9: 3280 | D9: IS_요약!B10:E10 | E9: 3280 | F9: 0 | G9: 2,170 / 2,800 / 3,280 / 1,680 전부 일치
A10: 7 | B10: 매출처별 합계 (슬라이드7) | C10: 24560 | D10: 매출처별!B8 / Σ거래처 | E10: 24560 | F10: 0 | G10: 9,820+6,140+3,680+4,920
A11: 8 | B11: 단기차입금·장기차입금·현금 (슬라이드6) | C11: 2100 | D11: 순차입금!B4·B5·B8 | E11: 2100 | F11: 0 | G11: 1,800 / −1,690 도 일치

Sheet 검증완료
A1: 검증 완료 — 이상 없음
A3: No | B3: 검증 항목 | C3: 검증 내용 | D3: 대사 자료 | E3: 결과
A4: 1 | B4: 요약 손익 표 (슬라이드3) | C4: 매출원가·매출총이익·판관비·영업이익·D&A·EBITDA 4개 기간 28개 수치 | D4: IS_요약 | E4: 일치 (매출 FY2025 제외)
A5: 2 | B5: 조정 항목 (슬라이드4) | C5: 소송합의금 180, 임차료 초과분 −60/−30, 정부보조금 −120, 재고평가손실 환입 −90 | D5: QoE조정 | E5: 일치, 근거 메모 확인
A6: 3 | B6: 순운전자본 항목 (슬라이드5) | C6: 매출채권·재고자산·매입채무·기타유동부채 4개 기간 16개 수치 | D6: NWC | E6: 일치
A7: 4 | B7: 매출처별 비중 (슬라이드7) | C7: 40.0% / 25.0% / 15.0% / 20.0% = 각 매출 ÷ 24,560 | D7: 재계산 | E7: 일치
A8: 5 | B8: 상위 3개 거래처 비중 80.0% (슬라이드7 본문) | C8: (9,820+6,140+3,680) ÷ 24,560 = 80.0% | D8: 재계산 | E8: 일치
A9: 6 | B9: 매출총이익률 30.0% → 31.1% (슬라이드3 본문) | C9: 5,530÷18,420 = 30.0%, 7,640÷24,560 = 31.1% (조서 기준) | D9: 재계산 | E9: 일치 — 단 표의 매출 24,650 기준이면 31.0%
A10: 7 | B10: 3개년 연평균 성장률 15.5% (슬라이드3 본문) | C10: (24,560÷18,420)^(1/2) − 1 = 15.5% | D10: 재계산 | E10: 일치
