Workbook

Sheet 총괄표
B2: (주)케이씨에스 풋팅 검증 워크북
B3: 케이씨에스_FY2025_감사보고서.xml
B4: 검증 대상: 재무상태표, 손익계산서, 자본변동표, 현금흐름표 / 주석 34개
B6: 시트 | C6: 제 목 | D6: 링크 | E6: 푸팅 오류 | F6: 산식 오류 | G6: 크로스 오류 | H6: 조서 차이 | I6: 전기 차이 | J6: 구조 미인식 | K6: 조서 미매칭
B7: BS | C7: 재무상태표 | D7: =HYPERLINK("#'BS'!A1","바로가기") | E7: =SUMPRODUCT(--ISNUMBER('BS'!B46:B49))+SUMPRODUCT(--ISNUMBER('BS'!C46:C49)) | F7: =SUMPRODUCT(--ISNUMBER('BS'!B52:B55))+SUMPRODUCT(--ISNUMBER('BS'!C52:C55)) | G7: 0 | H7: 0 | I7: 0 | J7: 0 | K7: 0
B8: PL | C8: 손익계산서 | D8: =HYPERLINK("#'PL'!A1","바로가기") | E8: =SUMPRODUCT(--ISNUMBER('PL'!B29:B29))+SUMPRODUCT(--ISNUMBER('PL'!C29:C29)) | F8: =SUMPRODUCT(--ISNUMBER('PL'!B32:B37))+SUMPRODUCT(--ISNUMBER('PL'!C32:C37)) | G8: 0 | H8: 0 | I8: 0 | J8: 0 | K8: 0
B9: CE | C9: 자본변동표 | D9: =HYPERLINK("#'CE'!A1","바로가기") | E9: =SUMPRODUCT(--ISNUMBER('CE'!B32:B34))+SUMPRODUCT(--ISNUMBER('CE'!C32:C34))+SUMPRODUCT(--ISNUMBER('CE'!D32:D34))+SUMPRODUCT(--ISNUMBER('CE'!E32:E34))+SUMPRODUCT(--ISNUMBER('CE'!F32:F34))+SUMPRODUCT(--ISNUMBER('CE'!G32:G34))+SUMPRODUCT(--ISNUMBER('CE'!H6:H6))+SUMPRODUCT(--ISNUMBER('CE'!H8:H8))+SUMPRODUCT(--ISNUMBER('CE'!H10:H12))+SUMPRODUCT(--ISNUMBER('CE'!H15:H18))+SUMPRODUCT(--ISNUMBER('CE'!H20:H20))+SUMPRODUCT(--ISNUMBER('CE'!H22:H24))+SUMPRODUCT(--ISNUMBER('CE'!H27:H29)) | F9: 0 | G9: =SUMPRODUCT(--ISNUMBER('CE'!B37:B39)) | H9: 0 | I9: 0 | J9: 0 | K9: 0
B10: CF | C10: 현금흐름표 | D10: =HYPERLINK("#'CF'!A1","바로가기") | E10: =SUMPRODUCT(--ISNUMBER('CF'!B34:B36))+SUMPRODUCT(--ISNUMBER('CF'!C34:C36)) | F10: =SUMPRODUCT(--ISNUMBER('CF'!B39:B40))+SUMPRODUCT(--ISNUMBER('CF'!C39:C40)) | G10: 0 | H10: 0 | I10: 0 | J10: 0 | K10: 0
B11: 1 | C11: 1. 회사의 개요 | D11: =HYPERLINK("#'1'!A1","바로가기") | E11: =SUMPRODUCT(--ISNUMBER('1'!B10:B10))+SUMPRODUCT(--ISNUMBER('1'!D10:D10)) | F11: 0 | G11: 0 | H11: 0 | I11: 0 | J11: 0 | K11: 0
B12: 2 | C12: 2. 중요한 회계정책 | D12: =HYPERLINK("#'2'!A1","바로가기") | E12: 0 | F12: 0 | G12: 0 | H12: 0 | I12: 0 | J12: 0 | K12: 0
B13: 3 | C13: 3. 중요한 회계추정 및 가정 | D13: =HYPERLINK("#'3'!A1","바로가기") | E13: 0 | F13: 0 | G13: 0 | H13: 0 | I13: 0 | J13: 0 | K13: 0
B14: 4 | C14: 4. 재무위험관리 | D14: =HYPERLINK("#'4'!A1","바로가기") | E14: =SUMPRODUCT(--ISNUMBER('4'!B60:B60))+SUMPRODUCT(--ISNUMBER('4'!B70:B70))+SUMPRODUCT(--ISNUMBER('4'!B83:B83))+SUMPRODUCT(--ISNUMBER('4'!B93:B93))+SUMPRODUCT(--ISNUMBER('4'!C51:C51))+SUMPRODUCT(--ISNUMBER('4'!C60:C60))+SUMPRODUCT(--ISNUMBER('4'!C70:C70))+SUMPRODUCT(--ISNUMBER('4'!C83:C83))+SUMPRODUCT(--ISNUMBER('4'!C93:C93))+SUMPRODUCT(--ISNUMBER('4'!D51:D51))+SUMPRODUCT(--ISNUMBER('4'!D60:D60))+SUMPRODUCT(--ISNUMBER('4'!D70:D70))+SUMPRODUCT(--ISNUMBER('4'!D83:D83))+SUMPRODUCT(--ISNUMBER('4'!D93:D93))+SUMPRODUCT(--ISNUMBER('4'!E60:E60))+SUMPRODUCT(--ISNUMBER('4'!E70:E70))+SUMPRODUCT(--ISNUMBER('4'!E83:E83))+SUMPRODUCT(--ISNUMBER('4'!E93:E93))+SUMPRODUCT(--ISNUMBER('4'!F51:F51))+SUMPRODUCT(--ISNUMBER('4'!F93:F93))+SUMPRODUCT(--ISNUMBER('4'!G51:G51)) | F14: 0 | G14: =SUMPRODUCT(--ISNUMBER('4'!B108:B109)) | H14: 0 | I14: 0 | J14: 0 | K14: 0
B15: 5 | C15: 5. 금융상품 공정가치 | D15: =HYPERLINK("#'5'!A1","바로가기") | E15: =SUMPRODUCT(--ISNUMBER('5'!B34:B34))+SUMPRODUCT(--ISNUMBER('5'!C34:C34)) | F15: 0 | G15: 0 | H15: 0 | I15: 0 | J15: 0 | K15: 0
B16: 6 | C16: 6. 범주별 금융상품 | D16: =HYPERLINK("#'6'!A1","바로가기") | E16: =SUMPRODUCT(--ISNUMBER('6'!B13:B13))+SUMPRODUCT(--ISNUMBER('6'!B24:B24))+SUMPRODUCT(--ISNUMBER('6'!B45:B45))+SUMPRODUCT(--ISNUMBER('6'!C13:C13))+SUMPRODUCT(--ISNUMBER('6'!C24:C24))+SUMPRODUCT(--ISNUMBER('6'!C45:C45))+SUMPRODUCT(--ISNUMBER('6'!D13:D13))+SUMPRODUCT(--ISNUMBER('6'!D24:D24))+SUMPRODUCT(--ISNUMBER('6'!E13:E13))+SUMPRODUCT(--ISNUMBER('6'!E24:E24)) | F16: 0 | G16: 0 | H16: 0 | I16: 0 | J16: 0 | K16: 0
B17: 7 | C17: 7. 영업부문 | D17: =HYPERLINK("#'7'!A1","바로가기") | E17: 0 | F17: 0 | G17: 0 | H17: 0 | I17: 0 | J17: 0 | K17: 0
B18: 8 | C18: 8. 현금및현금성자산 | D18: =HYPERLINK("#'8'!A1","바로가기") | E18: =SUMPRODUCT(--ISNUMBER('8'!B9:B9))+SUMPRODUCT(--ISNUMBER('8'!C9:C9)) | F18: 0 | G18: =SUMPRODUCT(--ISNUMBER('8'!B13:B13)) | H18: 0 | I18: 0 | J18: 0 | K18: 0
B19: 9 | C19: 9. 매출채권, 계약자산 및 기타 상각후원가 측정 금융자산 | D19: =HYPERLINK("#'9'!A1","바로가기") | E19: =SUMPRODUCT(--ISNUMBER('9'!B21:B22))+SUMPRODUCT(--ISNUMBER('9'!C21:C22))+SUMPRODUCT(--ISNUMBER('9'!D21:D22))+SUMPRODUCT(--ISNUMBER('9'!E21:E22))+SUMPRODUCT(--ISNUMBER('9'!F21:F22))+SUMPRODUCT(--ISNUMBER('9'!G21:G22)) | F19: 0 | G19: =SUMPRODUCT(--ISNUMBER('9'!B28:B29)) | H19: 0 | I19: 0 | J19: 0 | K19: 0
B20: 10 | C20: 10. 기타자산 | D20: =HYPERLINK("#'10'!A1","바로가기") | E20: =SUMPRODUCT(--ISNUMBER('10'!B10:B10))+SUMPRODUCT(--ISNUMBER('10'!C10:C10))+SUMPRODUCT(--ISNUMBER('10'!D10:D10))+SUMPRODUCT(--ISNUMBER('10'!E10:E10)) | F20: 0 | G20: =SUMPRODUCT(--ISNUMBER('10'!B14:B15)) | H20: 0 | I20: 0 | J20: 0 | K20: 0
B21: 11 | C21: 11. 재고자산 | D21: =HYPERLINK("#'11'!A1","바로가기") | E21: 0 | F21: 0 | G21: =SUMPRODUCT(--ISNUMBER('11'!B12:B12)) | H21: 0 | I21: 0 | J21: 0 | K21: 0
B22: 12 | C22: 12. 공정가치 측정 금융자산 | D22: =HYPERLINK("#'12'!A1","바로가기") | E22: =SUMPRODUCT(--ISNUMBER('12'!B21:B21))+SUMPRODUCT(--ISNUMBER('12'!B31:B31))+SUMPRODUCT(--ISNUMBER('12'!B39:B39))+SUMPRODUCT(--ISNUMBER('12'!C10:C10))+SUMPRODUCT(--ISNUMBER('12'!C21:C21))+SUMPRODUCT(--ISNUMBER('12'!C31:C31))+SUMPRODUCT(--ISNUMBER('12'!C39:C39))+SUMPRODUCT(--ISNUMBER('12'!D10:D10))+SUMPRODUCT(--ISNUMBER('12'!E10:E10))+SUMPRODUCT(--ISNUMBER('12'!F10:F10)) | F22: 0 | G22: 0 | H22: 0 | I22: 0 | J22: 0 | K22: 0
B23: 13 | C23: 13. 유형자산 | D23: =HYPERLINK("#'13'!A1","바로가기") | E23: =SUMPRODUCT(--ISNUMBER('13'!B10:B10))+SUMPRODUCT(--ISNUMBER('13'!B18:B18))+SUMPRODUCT(--ISNUMBER('13'!B28:B28))+SUMPRODUCT(--ISNUMBER('13'!B37:B37))+SUMPRODUCT(--ISNUMBER('13'!B45:B45))+SUMPRODUCT(--ISNUMBER('13'!C10:C10))+SUMPRODUCT(--ISNUMBER('13'!C18:C18))+SUMPRODUCT(--ISNUMBER('13'!C28:C28))+SUMPRODUCT(--ISNUMBER('13'!C37:C37))+SUMPRODUCT(--ISNUMBER('13'!C45:C45))+SUMPRODUCT(--ISNUMBER('13'!D10:D10))+SUMPRODUCT(--ISNUMBER('13'!D18:D18))+SUMPRODUCT(--ISNUMBER('13'!D28:D28))+SUMPRODUCT(--ISNUMBER('13'!D37:D37))+SUMPRODUCT(--ISNUMBER('13'!E10:E10))+SUMPRODUCT(--ISNUMBER('13'!E18:E18))+SUMPRODUCT(--ISNUMBER('13'!E28:E28))+SUMPRODUCT(--ISNUMBER('13'!E37:E37))+SUMPRODUCT(--ISNUMBER('13'!F10:F10))+SUMPRODUCT(--ISNUMBER('13'!F18:F18))+SUMPRODUCT(--ISNUMBER('13'!F28:F28))+SUMPRODUCT(--ISNUMBER('13'!F37:F37))+SUMPRODUCT(--ISNUMBER('13'!G10:G10))+SUMPRODUCT(--ISNUMBER('13'!G18:G18))+SUMPRODUCT(--ISNUMBER('13'!G28:G28))+SUMPRODUCT(--ISNUMBER('13'!G37:G37))+SUMPRODUCT(--ISNUMBER('13'!H10:H10))+SUMPRODUCT(--ISNUMBER('13'!H18:H18))+SUMPRODUCT(--ISNUMBER('13'!H28:H28))+SUMPRODUCT(--ISNUMBER('13'!H37:H37))+SUMPRODUCT(--ISNUMBER('13'!I10:I10))+SUMPRODUCT(--ISNUMBER('13'!I18:I18))+SUMPRODUCT(--ISNUMBER('13'!I28:I28))+SUMPRODUCT(--ISNUMBER('13'!I37:I37)) | F23: 0 | G23: =SUMPRODUCT(--ISNUMBER('13'!B50:B50)) | H23: 0 | I23: 0 | J23: 0 | K23: 0
B24: 14 | C24: 14. 리스 | D24: =HYPERLINK("#'14'!A1","바로가기") | E24: =SUMPRODUCT(--ISNUMBER('14'!B10:B10))+SUMPRODUCT(--ISNUMBER('14'!B19:B19))+SUMPRODUCT(--ISNUMBER('14'!B28:B28))+SUMPRODUCT(--ISNUMBER('14'!B37:B37))+SUMPRODUCT(--ISNUMBER('14'!B47:B47))+SUMPRODUCT(--ISNUMBER('14'!C19:C19))+SUMPRODUCT(--ISNUMBER('14'!C37:C37))+SUMPRODUCT(--ISNUMBER('14'!C47:C47))+SUMPRODUCT(--ISNUMBER('14'!D10:D10))+SUMPRODUCT(--ISNUMBER('14'!D19:D19))+SUMPRODUCT(--ISNUMBER('14'!D28:D28))+SUMPRODUCT(--ISNUMBER('14'!D37:D37))+SUMPRODUCT(--ISNUMBER('14'!E10:E10))+SUMPRODUCT(--ISNUMBER('14'!E19:E19))+SUMPRODUCT(--ISNUMBER('14'!E28:E28))+SUMPRODUCT(--ISNUMBER('14'!E37:E37))+SUMPRODUCT(--ISNUMBER('14'!F7:F9))+SUMPRODUCT(--ISNUMBER('14'!F16:F18))+SUMPRODUCT(--ISNUMBER('14'!F28:F28))+SUMPRODUCT(--ISNUMBER('14'!F37:F37))+SUMPRODUCT(--ISNUMBER('14'!G28:G28))+SUMPRODUCT(--ISNUMBER('14'!G37:G37))+SUMPRODUCT(--ISNUMBER('14'!H37:H37))+SUMPRODUCT(--ISNUMBER('14'!I25:I27))+SUMPRODUCT(--ISNUMBER('14'!I34:I36)) | F24: 0 | G24: =SUMPRODUCT(--ISNUMBER('14'!B52:B52)) | H24: 0 | I24: 0 | J24: 0 | K24: 0
B25: 15 | C25: 15. 무형자산 | D25: =HYPERLINK("#'15'!A1","바로가기") | E25: =SUMPRODUCT(--ISNUMBER('15'!B9:B9))+SUMPRODUCT(--ISNUMBER('15'!C9:C9)) | F25: 0 | G25: =SUMPRODUCT(--ISNUMBER('15'!B14:B14)) | H25: 0 | I25: 0 | J25: 0 | K25: 0
B26: 16 | C26: 16. 매입채무 및 기타지급채무 | D26: =HYPERLINK("#'16'!A1","바로가기") | E26: =SUMPRODUCT(--ISNUMBER('16'!B12:B13))+SUMPRODUCT(--ISNUMBER('16'!C12:C13)) | F26: 0 | G26: =SUMPRODUCT(--ISNUMBER('16'!B17:B18)) | H26: 0 | I26: 0 | J26: 0 | K26: 0
B27: 17 | C27: 17. 기타부채 | D27: =HYPERLINK("#'17'!A1","바로가기") | E27: =SUMPRODUCT(--ISNUMBER('17'!B16:B17))+SUMPRODUCT(--ISNUMBER('17'!B30:B30))+SUMPRODUCT(--ISNUMBER('17'!C16:C17))+SUMPRODUCT(--ISNUMBER('17'!C29:C30))+SUMPRODUCT(--ISNUMBER('17'!D29:D30))+SUMPRODUCT(--ISNUMBER('17'!E29:E30))+SUMPRODUCT(--ISNUMBER('17'!F23:F25))+SUMPRODUCT(--ISNUMBER('17'!F28:F28)) | F27: 0 | G27: =SUMPRODUCT(--ISNUMBER('17'!B35:B35)) | H27: 0 | I27: 0 | J27: 0 | K27: 0
B28: 18 | C28: 18. 종업원급여 | D28: =HYPERLINK("#'18'!A1","바로가기") | E28: =SUMPRODUCT(--ISNUMBER('18'!B9:B9))+SUMPRODUCT(--ISNUMBER('18'!B33:B35))+SUMPRODUCT(--ISNUMBER('18'!B43:B43))+SUMPRODUCT(--ISNUMBER('18'!B85:B85))+SUMPRODUCT(--ISNUMBER('18'!C9:C9))+SUMPRODUCT(--ISNUMBER('18'!C33:C35))+SUMPRODUCT(--ISNUMBER('18'!C43:C43))+SUMPRODUCT(--ISNUMBER('18'!C85:C85))+SUMPRODUCT(--ISNUMBER('18'!D33:D35))+SUMPRODUCT(--ISNUMBER('18'!E33:E35))+SUMPRODUCT(--ISNUMBER('18'!F33:F35))+SUMPRODUCT(--ISNUMBER('18'!G33:G35)) | F28: 0 | G28: 0 | H28: 0 | I28: 0 | J28: 0 | K28: 0
B29: 19 | C29: 19. 법인세비용 | D29: =HYPERLINK("#'19'!A1","바로가기") | E29: =SUMPRODUCT(--ISNUMBER('19'!B18:B18))+SUMPRODUCT(--ISNUMBER('19'!B46:B47))+SUMPRODUCT(--ISNUMBER('19'!B74:B75))+SUMPRODUCT(--ISNUMBER('19'!B99:B100))+SUMPRODUCT(--ISNUMBER('19'!C18:C18))+SUMPRODUCT(--ISNUMBER('19'!C46:C47))+SUMPRODUCT(--ISNUMBER('19'!C74:C75))+SUMPRODUCT(--ISNUMBER('19'!C99:C100))+SUMPRODUCT(--ISNUMBER('19'!D18:D18))+SUMPRODUCT(--ISNUMBER('19'!D74:D74))+SUMPRODUCT(--ISNUMBER('19'!D99:D99))+SUMPRODUCT(--ISNUMBER('19'!E18:E18))+SUMPRODUCT(--ISNUMBER('19'!E74:E75))+SUMPRODUCT(--ISNUMBER('19'!E99:E100))+SUMPRODUCT(--ISNUMBER('19'!F18:F18))+SUMPRODUCT(--ISNUMBER('19'!F54:F66))+SUMPRODUCT(--ISNUMBER('19'!F68:F73))+SUMPRODUCT(--ISNUMBER('19'!F81:F91))+SUMPRODUCT(--ISNUMBER('19'!F93:F98))+SUMPRODUCT(--ISNUMBER('19'!G18:G18)) | F29: 0 | G29: =SUMPRODUCT(--ISNUMBER('19'!B105:B105)) | H29: 0 | I29: 0 | J29: 0 | K29: 0
B30: 20 | C30: 20. 자본금 | D30: =HYPERLINK("#'20'!A1","바로가기") | E30: 0 | F30: 0 | G30: 0 | H30: 0 | I30: 0 | J30: 0 | K30: 0
B31: 21 | C31: 21. 자본잉여금 | D31: =HYPERLINK("#'21'!A1","바로가기") | E31: =SUMPRODUCT(--ISNUMBER('21'!B9:B9))+SUMPRODUCT(--ISNUMBER('21'!C9:C9)) | F31: 0 | G31: =SUMPRODUCT(--ISNUMBER('21'!B13:B13)) | H31: 0 | I31: 0 | J31: 0 | K31: 0
B32: 22 | C32: 22. 주식기준보상 | D32: =HYPERLINK("#'22'!A1","바로가기") | E32: 0 | F32: 0 | G32: 0 | H32: 0 | I32: 0 | J32: 0 | K32: 0
B33: 23 | C33: 23. 기타포괄손익누계액 및 기타자본항목 | D33: =HYPERLINK("#'23'!A1","바로가기") | E33: =SUMPRODUCT(--ISNUMBER('23'!B15:B15))+SUMPRODUCT(--ISNUMBER('23'!B24:B24))+SUMPRODUCT(--ISNUMBER('23'!C15:C15))+SUMPRODUCT(--ISNUMBER('23'!C24:C24)) | F33: 0 | G33: 0 | H33: 0 | I33: 0 | J33: 0 | K33: 0
B34: 24 | C34: 24. 이익잉여금 | D34: =HYPERLINK("#'24'!A1","바로가기") | E34: =SUMPRODUCT(--ISNUMBER('24'!B9:B9))+SUMPRODUCT(--ISNUMBER('24'!C9:C9)) | F34: 0 | G34: =SUMPRODUCT(--ISNUMBER('24'!B27:B27)) | H34: 0 | I34: 0 | J34: 0 | K34: 0
B35: 25 | C35: 25. 고객과의 계약에서 생기는 수익 및 관련 계약자산과 계약부채 | D35: =HYPERLINK("#'25'!A1","바로가기") | E35: =SUMPRODUCT(--ISNUMBER('25'!B9:B9))+SUMPRODUCT(--ISNUMBER('25'!B24:B26))+SUMPRODUCT(--ISNUMBER('25'!C9:C9))+SUMPRODUCT(--ISNUMBER('25'!C24:C26)) | F35: 0 | G35: =SUMPRODUCT(--ISNUMBER('25'!B38:B38)) | H35: 0 | I35: 0 | J35: 0 | K35: 0
B36: 26 | C36: 26. 매출원가 및 비용의 성격별 분류 | D36: =HYPERLINK("#'26'!A1","바로가기") | E36: =SUMPRODUCT(--ISNUMBER('26'!B10:B10))+SUMPRODUCT(--ISNUMBER('26'!B23:B23))+SUMPRODUCT(--ISNUMBER('26'!B34:B34))+SUMPRODUCT(--ISNUMBER('26'!C10:C10))+SUMPRODUCT(--ISNUMBER('26'!C23:C23))+SUMPRODUCT(--ISNUMBER('26'!C34:C34)) | F36: 0 | G36: =SUMPRODUCT(--ISNUMBER('26'!B38:B38)) | H36: 0 | I36: 0 | J36: 0 | K36: 0
B37: 27 | C37: 27. 판매비와일반관리비 | D37: =HYPERLINK("#'27'!A1","바로가기") | E37: =SUMPRODUCT(--ISNUMBER('27'!B18:B18))+SUMPRODUCT(--ISNUMBER('27'!C18:C18)) | F37: 0 | G37: =SUMPRODUCT(--ISNUMBER('27'!B22:B22)) | H37: 0 | I37: 0 | J37: 0 | K37: 0
B38: 28 | C38: 28. 금융수익 및 금융비용 | D38: =HYPERLINK("#'28'!A1","바로가기") | E38: =SUMPRODUCT(--ISNUMBER('28'!B16:B17))+SUMPRODUCT(--ISNUMBER('28'!C16:C17)) | F38: 0 | G38: =SUMPRODUCT(--ISNUMBER('28'!B21:B22)) | H38: 0 | I38: 0 | J38: 0 | K38: 0
B39: 29 | C39: 29. 기타영업외수익 및 기타영업외비용 | D39: =HYPERLINK("#'29'!A1","바로가기") | E39: =SUMPRODUCT(--ISNUMBER('29'!B12:B12))+SUMPRODUCT(--ISNUMBER('29'!B21:B21))+SUMPRODUCT(--ISNUMBER('29'!C12:C12))+SUMPRODUCT(--ISNUMBER('29'!C21:C21)) | F39: 0 | G39: =SUMPRODUCT(--ISNUMBER('29'!B25:B26)) | H39: 0 | I39: 0 | J39: 0 | K39: 0
B40: 30 | C40: 30. 주당이익 | D40: =HYPERLINK("#'30'!A1","바로가기") | E40: 0 | F40: 0 | G40: =SUMPRODUCT(--ISNUMBER('30'!B27:B27)) | H40: 0 | I40: 0 | J40: 0 | K40: 0
B41: 31 | C41: 31. 배당금 | D41: =HYPERLINK("#'31'!A1","바로가기") | E41: 0 | F41: 0 | G41: 0 | H41: 0 | I41: 0 | J41: 0 | K41: 0
B42: 32 | C42: 32. 현금흐름표 | D42: =HYPERLINK("#'32'!A1","바로가기") | E42: =SUMPRODUCT(--ISNUMBER('32'!B62:B63))+SUMPRODUCT(--ISNUMBER('32'!C62:C62))+SUMPRODUCT(--ISNUMBER('32'!F62:F63)) | F42: 0 | G42: =SUMPRODUCT(--ISNUMBER('32'!B67:B68)) | H42: 0 | I42: 0 | J42: 0 | K42: 0
B43: 33 | C43: 33. 우발부채와 약정사항 | D43: =HYPERLINK("#'33'!A1","바로가기") | E43: =SUMPRODUCT(--ISNUMBER('33'!C41:C41))+SUMPRODUCT(--ISNUMBER('33'!C52:C52))+SUMPRODUCT(--ISNUMBER('33'!C63:C63))+SUMPRODUCT(--ISNUMBER('33'!D41:D41))+SUMPRODUCT(--ISNUMBER('33'!D52:D52))+SUMPRODUCT(--ISNUMBER('33'!D63:D63)) | F43: 0 | G43: 0 | H43: 0 | I43: 0 | J43: 0 | K43: 0
B44: 34 | C44: 34. 특수관계자거래 | D44: =HYPERLINK("#'34'!A1","바로가기") | E44: =SUMPRODUCT(--ISNUMBER('34'!B81:B81))+SUMPRODUCT(--ISNUMBER('34'!C81:C81))+SUMPRODUCT(--ISNUMBER('34'!D28:D28))+SUMPRODUCT(--ISNUMBER('34'!D40:D40))+SUMPRODUCT(--ISNUMBER('34'!D56:D57))+SUMPRODUCT(--ISNUMBER('34'!E28:E28))+SUMPRODUCT(--ISNUMBER('34'!E40:E40))+SUMPRODUCT(--ISNUMBER('34'!E56:E57)) | F44: 0 | G44: 0 | H44: 0 | I44: 0 | J44: 0 | K44: 0
B45: 서술검산 | C45: 서술 검산 (본문 수치 재계산) | D45: =HYPERLINK("#'서술검산'!A1","바로가기") | E45: 0 | F45: 0 | G45: =SUMPRODUCT(--ISNUMBER('서술검산'!H4:H8)) | H45: 0 | I45: 0 | J45: 0 | K45: 0
C46: 합 계 | E46: =SUM(E7:E45) | F46: =SUM(F7:F45) | G46: =SUM(G7:G45) | H46: =SUM(H7:H45) | I46: =SUM(I7:I45) | J46: =SUM(J7:J45) | K46: =SUM(K7:K45)
B48: 지적사항
B49: S | C49: 발행 전 필수 수정 | D49: 0
B50: A | C50: 내용 보강·확인 | D50: 0
B51: B | C51: 표 형식 | D51: 0
B52: C | C52: 문구·오타 | D52: 7
B54: 핵심 결론
B55: 숫자는 전부 맞는다. 재무제표 4종의 소계·총계와 표준 산식, 현금흐름표·자본변동표와 재무상태표·손익계산서 사이의 연결, 주석 34개의 표 합계, 주석 금액과 본문 금액의 대응, 주당이익·배당성향·부채비율·유효세율 재계산까지 차이가 없다. 남는 것은 문구다. 재무상태표 비유동부채의 '기타장기종업웝급여부채'는 '종업원'의 오타이고, 감사의견 문단의 '종료되는양'은 띄어쓰기가 빠졌다. '공정가치 측정/공정가치측정', '배당금 지급/배당금지급' 같은 띄어쓰기 혼용이 본문·주석에 걸쳐 남아 있다. 이 예시는 조서 없이 공개 원문만으로 돌린 것이라 조서 대사는 없다. 실제 감사 현장에서는 정산표를 조서로 붙여 BS·PL 각 행의 조서 값·차이 열을 채운다.
B57: ※ 검증셀은 IF(ABS(차이)<허용오차, TRUE, 차이). 숫자가 보이면 오류이며 위 표는 그 개수를 센다.
B58: ※ 보고서에 적힌 합계는 값으로 그대로 두고, 검증셀이 Σ항목과 비교한다.
B59: ※ 크로스 참조 중 천원 표 ↔ 원 단위 본문은 단수차이를 고려해 ±5,000원을 기본 허용오차로 둔다.
B60: ※ '구조 미인식'은 계층·표준 산식으로 검증하지 못한 소계 수다. 04_structure.json 의 rules 로 정의한다.
B61: ※ '조서 차이'는 04_structure.json 의 wp 매핑이 있을 때만 채워진다.
B62: ※ 천원 등 반올림 단위 표의 허용오차는 기본 ±1 (tol_rounded=1.5). 원 단위는 ±0 (tol=0.5).
B63: ※ 주석 표 합계는 Σ행 · 직전소계+Σ행 · Σ소계 · 소계−소계 중 맞아떨어지는 해석을 골라 수식으로 남기고, 어느 해석인지 검증행에 적는다.
B64: ※ 비율·일수·단가 열은 합산 검증에서 제외한다.

Sheet BS
A1: 재무상태표 | L1: =HYPERLINK("#총괄표!A1","◀ 총괄표")
A2: 제 24(당) 기 / 제 23(전) 기
A3: (단위: 원)
A5: 과 목 | B5: 제 24(당) 기 | C5: 제 23(전) 기 | E5: 비 고
A6: 자산
A7: Ⅰ.유동자산 | B7: 15529132600 | C7: 13060257701
A8: 현금및현금성자산 | B8: 4026179709 | C8: 7065892198
A9: 매출채권 | B9: 6694059480 | C9: 2770373677
A10: 기타채권 | B10: 1295982716 | C10: 383573156
A11: 기타유동자산 | B11: 1860744304 | C11: 1345711030
A12: 재고자산 | B12: 289048521 | C12: 488767640
A13: 당기손익-공정가치 측정 금융자산 | B13: 1363117870 | C13: 1005940000
A14: Ⅱ.비유동자산 | B14: 12183259767 | C14: 10814852026
A15: 순확정급여자산 | B15: 142908857 | C15: 149436722
A16: 기타포괄손익-공정가치 측정 금융자산 | B16: 1863008916 | C16: 1117639800
A17: 당기손익-공정가치 측정 금융자산 | B17: 799476081 | C17: 297963428
A18: 기타비유동채권 | B18: 44750000 | C18: 634716290
... A23: 자산총계 | B23: 27712392367 | C23: 23875109727
A24: 부채
A25: Ⅰ.유동부채 | B25: 7864031023 | C25: 4731407030
A26: 매입채무 | B26: 4092018817 | C26: 1080656572
A27: 기타지급채무 | B27: 1909750882 | C27: 2655792531
A28: 당기법인세부채 | B28: 452086500 | C28: 289194234
A29: 기타유동부채 | B29: 1290888565 | C29: 528762533
A30: 리스부채 | B30: 119286259 | C30: 177001160
A31: Ⅱ.비유동부채 | B31: 167647469 | C31: 265381804
A32: 기타장기종업웝급여부채 | B32: 167647469 | C32: 126095545
A33: 기타비유동부채 | C33: 20000000
A34: 장기리스부채 | C34: 119286259
A35: 부채총계 | B35: 8031678492 | C35: 4996788834
A36: 자본
A37: Ⅰ.자본금 | B37: 6000000000 | C37: 6000000000
A38: Ⅱ.자본잉여금 | B38: 2412507508 | C38: 2412507508
A39: Ⅲ.기타자본구성요소 | B39: -113906642 | C39: -146286642
A40: Ⅳ.기타포괄손익누계액 | B40: -796532768 | C40: -1101842923
A41: Ⅴ.이익잉여금 | B41: 12178645777 | C41: 11713942950
A42: 자본총계 | B42: 19680713875 | C42: 18878320893
A43: 부채및자본총계 | B43: 27712392367 | C43: 23875109727
A45: ■ 푸팅 검증 (소계 − Σ직계 항목)
A46: Ⅰ.유동자산 (행 7 = Σ행 8~13) | B46: =IF(ABS(B7-((B8+B9+B10+B11+B12+B13)))<0.5,TRUE,B7-((B8+B9+B10+B11+B12+B13))) | C46: =IF(ABS(C7-((C8+C9+C10+C11+C12+C13)))<0.5,TRUE,C7-((C8+C9+C10+C11+C12+C13)))
A47: Ⅱ.비유동자산 (행 14 = Σ행 15~22) | B47: =IF(ABS(B14-((B15+B16+B17+B18+B19+B20+B21+B22)))<0.5,TRUE,B14-((B15+B16+B17+B18+B19+B20+B21+B22))) | C47: =IF(ABS(C14-((C15+C16+C17+C18+C19+C20+C21+C22)))<0.5,TRUE,C14-((C15+C16+C17+C18+C19+C20+C21+C22)))
A48: Ⅰ.유동부채 (행 25 = Σ행 26~30) | B48: =IF(ABS(B25-((B26+B27+B28+B29+B30)))<0.5,TRUE,B25-((B26+B27+B28+B29+B30))) | C48: =IF(ABS(C25-((C26+C27+C28+C29+C30)))<0.5,TRUE,C25-((C26+C27+C28+C29+C30)))
A49: Ⅱ.비유동부채 (행 31 = Σ행 32~34) | B49: =IF(ABS(B31-((B32+B33+B34)))<0.5,TRUE,B31-((B32+B33+B34))) | C49: =IF(ABS(C31-((C32+C33+C34)))<0.5,TRUE,C31-((C32+C33+C34)))
A51: ■ 산식 검증 (비단순합)
A52: 자산총계 = Σ자산 대분류 (행 23) | B52: =IF(ABS(B23-(+B7+B14))<0.5,TRUE,B23-(+B7+B14)) | C52: =IF(ABS(C23-(+C7+C14))<0.5,TRUE,C23-(+C7+C14))
A53: 부채총계 = Σ부채 대분류 (행 35) | B53: =IF(ABS(B35-(+B25+B31))<0.5,TRUE,B35-(+B25+B31)) | C53: =IF(ABS(C35-(+C25+C31))<0.5,TRUE,C35-(+C25+C31))
A54: 자본총계 = Σ자본 대분류 (행 42) | B54: =IF(ABS(B42-(+B37+B38+B39+B40+B41))<0.5,TRUE,B42-(+B37+B38+B39+B40+B41)) | C54: =IF(ABS(C42-(+C37+C38+C39+C40+C41))<0.5,TRUE,C42-(+C37+C38+C39+C40+C41))
A55: 부채와자본총계 = 부채총계 + 자본총계 (행 43) | B55: =IF(ABS(B43-(+B35+B42))<0.5,TRUE,B43-(+B35+B42)) | C55: =IF(ABS(C43-(+C35+C42))<0.5,TRUE,C43-(+C35+C42))

Sheet PL
A1: 포괄손익계산서 | L1: =HYPERLINK("#총괄표!A1","◀ 총괄표")
A2: 제 24(당) 기 / 제 23(전) 기
A3: (단위: 원)
A5: 과 목 | B5: 제 24(당) 기 | C5: 제 23(전) 기 | E5: 비 고
A6: Ⅰ.매출 | B6: 24863482484 | C6: 29539354935
A7: Ⅱ.매출원가 | B7: 19674721789 | C7: 24560558905
A8: Ⅲ.매출총이익 | B8: 5188760695 | C8: 4978796030
A9: 판매비와관리비 | B9: 3125550277 | C9: 2995652407
A10: Ⅳ.영업이익 | B10: 2063210418 | C10: 1983143623
A11: 금융수익 | B11: 781875870 | C11: 273577008
A12: 금융비용 | B12: 105257667 | C12: 57186407
A13: 기타영업외수익 | B13: 116473039 | C13: 269895554
A14: 기타영업외비용 | B14: 93737180 | C14: 46949376
A15: Ⅴ.법인세비용차감전순이익 | B15: 2762564480 | C15: 2422480402
A16: 법인세비용 | B16: 235114420 | C16: 423305542
A17: Ⅵ.당기순이익 | B17: 2527450060 | C17: 1999174860
... A23: Ⅷ.총포괄손익 | B23: 2930012982 | C23: 1586027159
A24: Ⅸ.주당이익
A25: 기본주당이익 | B25: 211 | C25: 167
A26: 희석주당이익 | B26: 210 | C26: 167
A28: ■ 푸팅 검증 (소계 − Σ직계 항목)
A29: 당기손익으로 재분류되지 않는 항목 (행 19 = Σ행 20~22) | B29: =IF(ABS(B19-((B20+B21+B22)))<0.5,TRUE,B19-((B20+B21+B22))) | C29: =IF(ABS(C19-((C20+C21+C22)))<0.5,TRUE,C19-((C20+C21+C22)))
A31: ■ 산식 검증 (비단순합)
A32: 매출총이익 = 매출액 − 매출원가 (행 8) | B32: =IF(ABS(B8-(+B6-B7))<0.5,TRUE,B8-(+B6-B7)) | C32: =IF(ABS(C8-(+C6-C7))<0.5,TRUE,C8-(+C6-C7))
A33: 영업이익 = 매출총이익 − 판매비와관리비 (행 10) | B33: =IF(ABS(B10-(+B8-B9))<0.5,TRUE,B10-(+B8-B9)) | C33: =IF(ABS(C10-(+C8-C9))<0.5,TRUE,C10-(+C8-C9))
A34: 법인세비용차감전순이익 = 영업이익 + 사이 수익 항목 − 사이 비용 항목 (행 15) | B34: =IF(ABS(B15-(+B10+B11-B12+B13-B14))<0.5,TRUE,B15-(+B10+B11-B12+B13-B14)) | C34: =IF(ABS(C15-(+C10+C11-C12+C13-C14))<0.5,TRUE,C15-(+C10+C11-C12+C13-C14))
A35: 당기순이익 = 법인세비용차감전순이익 − 법인세비용 (행 17) | B35: =IF(ABS(B17-(+B15-B16))<0.5,TRUE,B17-(+B15-B16)) | C35: =IF(ABS(C17-(+C15-C16))<0.5,TRUE,C17-(+C15-C16))
A36: 총포괄손익 = 당기순이익 + 기타포괄손익 (행 23) | B36: =IF(ABS(B23-(+B17+B18))<0.5,TRUE,B23-(+B17+B18)) | C36: =IF(ABS(C23-(+C17+C18))<0.5,TRUE,C23-(+C17+C18))
A37: 기타포괄손익 = 당기손익으로 재분류되지 않는 항목 (행 18) | B37: =IF(ABS(B18-(+B19))<0.5,TRUE,B18-(+B19)) | C37: =IF(ABS(C18-(+C19))<0.5,TRUE,C18-(+C19))

Sheet CE
A1: 자본변동표 | P1: =HYPERLINK("#총괄표!A1","◀ 총괄표")
A3: (단위: 원)
A5: 과 목 | B5: 자본금 | C5: 자본잉여금 | D5: 기타자본구성요소 | E5: 기타포괄손익누계액 | F5: 이익잉여금 | G5: 총 계 | H5: 행합검증 (총계−Σ) | J5: 비 고
A6: 2024년 1월 1일(전기초) | B6: 6000000000 | C6: 2412507508 | D6: -171214805 | E6: -763802763 | F6: 11949875631 | G6: 19427365571 | H6: =IF(ABS(G6-(B6+C6+D6+E6+F6))<0.5,TRUE,G6-(B6+C6+D6+E6+F6))
A7: 총포괄손익
A8: 당기순이익 | F8: 1999174860 | G8: 1999174860 | H8: =IF(ABS(G8-(B8+C8+D8+E8+F8))<0.5,TRUE,G8-(B8+C8+D8+E8+F8))
A9: 기타포괄손익
A10: 순확정급여자산의 재측정요소 | F10: -99073312 | G10: -99073312 | H10: =IF(ABS(G10-(B10+C10+D10+E10+F10))<0.5,TRUE,G10-(B10+C10+D10+E10+F10))
A11: 기타포괄손익-공정가치 측정지분상품 평가손익 | E11: -314074389 | G11: -314074389 | H11: =IF(ABS(G11-(B11+C11+D11+E11+F11))<0.5,TRUE,G11-(B11+C11+D11+E11+F11))
A12: 총포괄손익 합계 | E12: -314074389 | F12: 1900101548 | G12: 1586027159 | H12: =IF(ABS(G12-(B12+C12+D12+E12+F12))<0.5,TRUE,G12-(B12+C12+D12+E12+F12))
A13: 기타포괄손익-공정가치 측정 지분상품 처분에 따른 대체 | E13: -23965771 | F13: 23965771
A14: 소유주와의 거래
A15: 배당금 지급 | F15: -2160000000 | G15: -2160000000 | H15: =IF(ABS(G15-(B15+C15+D15+E15+F15))<0.5,TRUE,G15-(B15+C15+D15+E15+F15))
A16: 주식보상비용 | D16: 24928163 | G16: 24928163 | H16: =IF(ABS(G16-(B16+C16+D16+E16+F16))<0.5,TRUE,G16-(B16+C16+D16+E16+F16))
A17: 2024년 12월 31일(전기말) | B17: 6000000000 | C17: 2412507508 | D17: -146286642 | E17: -1101842923 | F17: 11713942950 | G17: 18878320893 | H17: =IF(ABS(G17-(B17+C17+D17+E17+F17))<0.5,TRUE,G17-(B17+C17+D17+E17+F17))
A18: 2025년 1월 1일(당기초) | B18: 6000000000 | C18: 2412507508 | D18: -146286642 | E18: -1101842923 | F18: 11713942950 | G18: 18878320893 | H18: =IF(ABS(G18-(B18+C18+D18+E18+F18))<0.5,TRUE,G18-(B18+C18+D18+E18+F18))
A19: 총포괄손익
A20: 당기순이익 | F20: 2527450060 | G20: 2527450060 | H20: =IF(ABS(G20-(B20+C20+D20+E20+F20))<0.5,TRUE,G20-(B20+C20+D20+E20+F20))
A21: 기타포괄손익
A22: 순확정급여자산의 재측정요소 | F22: 59449222 | G22: 59449222 | H22: =IF(ABS(G22-(B22+C22+D22+E22+F22))<0.5,TRUE,G22-(B22+C22+D22+E22+F22))
A23: 기타포괄손익-공정가치 측정지분상품 평가손익 | E23: 343113700 | G23: 343113700 | H23: =IF(ABS(G23-(B23+C23+D23+E23+F23))<0.5,TRUE,G23-(B23+C23+D23+E23+F23))
A24: 총포괄손익 합계 | E24: 343113700 | F24: 2586899282 | G24: 2930012982 | H24: =IF(ABS(G24-(B24+C24+D24+E24+F24))<0.5,TRUE,G24-(B24+C24+D24+E24+F24))
A25: 기타포괄손익-공정가치 측정 지분상품 처분에 따른 대체 | E25: -37803545 | F25: 37803545
A26: 소유주와의 거래
A27: 배당금 지급 | F27: -2160000000 | G27: -2160000000 | H27: =IF(ABS(G27-(B27+C27+D27+E27+F27))<0.5,TRUE,G27-(B27+C27+D27+E27+F27))
A28: 주식보상비용 | D28: 32380000 | G28: 32380000 | H28: =IF(ABS(G28-(B28+C28+D28+E28+F28))<0.5,TRUE,G28-(B28+C28+D28+E28+F28))
A29: 2025년 12월 31일(당기말) | B29: 6000000000 | C29: 2412507508 | D29: -113906642 | E29: -796532768 | F29: 12178645777 | G29: 19680713875 | H29: =IF(ABS(G29-(B29+C29+D29+E29+F29))<0.5,TRUE,G29-(B29+C29+D29+E29+F29))
A31: ■ 푸팅 검증 (소계 − Σ직계 항목)
A32: 2024년 12월 31일(전기말) = 2024년 1월 1일(전기초) + 변동 (행 6~17) | B32: =IF(ABS(B17-(B6+B8+B10+B11+B13+B15+B16))<0.5,TRUE,B17-(B6+B8+B10+B11+B13+B15+B16)) | C32: =IF(ABS(C17-(C6+C8+C10+C11+C13+C15+C16))<0.5,TRUE,C17-(C6+C8+C10+C11+C13+C15+C16)) | D32: =IF(ABS(D17-(D6+D8+D10+D11+D13+D15+D16))<0.5,TRUE,D17-(D6+D8+D10+D11+D13+D15+D16)) | E32: =IF(ABS(E17-(E6+E8+E10+E11+E13+E15+E16))<0.5,TRUE,E17-(E6+E8+E10+E11+E13+E15+E16)) | F32: =IF(ABS(F17-(F6+F8+F10+F11+F13+F15+F16))<0.5,TRUE,F17-(F6+F8+F10+F11+F13+F15+F16)) | G32: =IF(ABS(G17-(G6+G8+G10+G11+G13+G15+G16))<0.5,TRUE,G17-(G6+G8+G10+G11+G13+G15+G16))
A33: 2025년 1월 1일(당기초) = 2024년 12월 31일(전기말) + 변동 (행 17~18) | B33: =IF(ABS(B18-(B17))<0.5,TRUE,B18-(B17)) | C33: =IF(ABS(C18-(C17))<0.5,TRUE,C18-(C17)) | D33: =IF(ABS(D18-(D17))<0.5,TRUE,D18-(D17)) | E33: =IF(ABS(E18-(E17))<0.5,TRUE,E18-(E17)) | F33: =IF(ABS(F18-(F17))<0.5,TRUE,F18-(F17)) | G33: =IF(ABS(G18-(G17))<0.5,TRUE,G18-(G17))
A34: 2025년 12월 31일(당기말) = 2025년 1월 1일(당기초) + 변동 (행 18~29) | B34: =IF(ABS(B29-(B18+B20+B22+B23+B25+B27+B28))<0.5,TRUE,B29-(B18+B20+B22+B23+B25+B27+B28)) | C34: =IF(ABS(C29-(C18+C20+C22+C23+C25+C27+C28))<0.5,TRUE,C29-(C18+C20+C22+C23+C25+C27+C28)) | D34: =IF(ABS(D29-(D18+D20+D22+D23+D25+D27+D28))<0.5,TRUE,D29-(D18+D20+D22+D23+D25+D27+D28)) | E34: =IF(ABS(E29-(E18+E20+E22+E23+E25+E27+E28))<0.5,TRUE,E29-(E18+E20+E22+E23+E25+E27+E28)) | F34: =IF(ABS(F29-(F18+F20+F22+F23+F25+F27+F28))<0.5,TRUE,F29-(F18+F20+F22+F23+F25+F27+F28)) | G34: =IF(ABS(G29-(G18+G20+G22+G23+G25+G27+G28))<0.5,TRUE,G29-(G18+G20+G22+G23+G25+G27+G28))
A36: ■ 크로스 참조
A37: 자본변동표 기말 총계 = 재무상태표 자본총계 (당기) | B37: =IF(ABS(G29-'BS'!B42)<0.5,TRUE,G29-'BS'!B42) | C37: → BS!B42
A38: 자본변동표 순이익 = 손익계산서 순이익 (기간 1) | B38: =IF(ABS(F20-'PL'!B17)<0.5,TRUE,F20-'PL'!B17) | C38: → PL!B17
A39: 자본변동표 순이익 = 손익계산서 순이익 (기간 2) | B39: =IF(ABS(F8-'PL'!C17)<0.5,TRUE,F8-'PL'!C17) | C39: → PL!C17

Sheet CF
A1: 현금흐름표 | L1: =HYPERLINK("#총괄표!A1","◀ 총괄표")
A2: 제 24(당) 기 / 제 23(전) 기
A3: (단위: 원)
A5: 과 목 | B5: 제 24(당) 기 | C5: 제 23(전) 기 | E5: 비 고
A6: Ⅰ.영업활동으로 인한 현금흐름 | B6: 62790389 | C6: 2355960139
A7: 영업으로부터 창출된 현금흐름 | B7: 109355005 | C7: 2631298470
A8: 이자의수취 | B8: 159351163 | C8: 182783651
A9: 이자의지급 | B9: -8232160 | C9: -61042963
A10: 배당의수취 | B10: 70691884 | C10: 30420392
A11: 법인세납부 | B11: -268375503 | C11: -427499411
A12: Ⅱ.투자활동으로 인한 현금흐름 | B12: -763129087 | C12: 828645529
A13: 단기대여금의 회수 | B13: 41476720 | C13: 55666720
A14: 장기대여금의 회수 | B14: 29499880
A15: 임차보증금의 감소 | C15: 1870593
A16: 유형자산의 처분 | B16: 5554546
A17: 당기손익-공정가치 측정 금융자산의 처분 | B17: 5441040815
A18: 기타포괄손익-공정가치 측정 금융자산의 처분 | B18: 599000448 | C18: 2777550905
A19: 단기대여금의 대여 | B19: -6000000 | C19: -18750000
A20: 장기대여금의 대여 | B20: -54000000 | C20: -31250000
A21: 유형자산의 취득 | B21: -96611000 | C21: -195206073
A22: 당기손익-공정가치 측정 금융자산의 취득 | B22: -5798291786 | C22: -1000000000
A23: 기타포괄손익-공정가치 측정 금융자산의 취득 | B23: -924798710 | C23: -761236616
A24: Ⅲ.재무활동으로 인한 현금흐름 | B24: -2337001160 | C24: -3678045164
A25: 차입금의 상환 | C25: -1340000000
A26: 배당금지급 | B26: -2160000000 | C26: -2160000000
A27: 리스부채의 상환 | B27: -177001160 | C27: -178045164
A28: Ⅳ.현금및현금성자산의 감소 | B28: -3037339858 | C28: -493439496
A29: Ⅴ.기초 현금및현금성자산 | B29: 7065892198 | C29: 7557380795
A30: Ⅵ.현금및현금성자산의 환율변동효과 | B30: -2372631 | C30: 1950899
A31: Ⅶ.기말 현금및현금성자산 | B31: 4026179709 | C31: 7065892198
A33: ■ 푸팅 검증 (소계 − Σ직계 항목)
A34: Ⅰ.영업활동으로 인한 현금흐름 (행 6 = Σ행 7~11) | B34: =IF(ABS(B6-((B7+B8+B9+B10+B11)))<0.5,TRUE,B6-((B7+B8+B9+B10+B11))) | C34: =IF(ABS(C6-((C7+C8+C9+C10+C11)))<0.5,TRUE,C6-((C7+C8+C9+C10+C11)))
A35: Ⅱ.투자활동으로 인한 현금흐름 (행 12 = Σ행 13~23) | B35: =IF(ABS(B12-((B13+B14+B15+B16+B17+B18+B19+B20+B21+B22+B23)))<0.5,TRUE,B12-((B13+B14+B15+B16+B17+B18+B19+B20+B21+B22+B23))) | C35: =IF(ABS(C12-((C13+C14+C15+C16+C17+C18+C19+C20+C21+C22+C23)))<0.5,TRUE,C12-((C13+C14+C15+C16+C17+C18+C19+C20+C21+C22+C23)))
A36: Ⅲ.재무활동으로 인한 현금흐름 (행 24 = Σ행 25~27) | B36: =IF(ABS(B24-((B25+B26+B27)))<0.5,TRUE,B24-((B25+B26+B27))) | C36: =IF(ABS(C24-((C25+C26+C27)))<0.5,TRUE,C24-((C25+C26+C27)))
A38: ■ 산식 검증 (비단순합)
A39: Ⅳ.현금및현금성자산의 감소 = 직전 소계 + 사이 항목 (행 28) | B39: =IF(ABS(B28-(+B6+B12+B24))<0.5,TRUE,B28-(+B6+B12+B24)) | C39: =IF(ABS(C28-(+C6+C12+C24))<0.5,TRUE,C28-(+C6+C12+C24))
A40: Ⅶ.기말 현금및현금성자산 = 직전 소계 + 사이 항목 (행 31) | B40: =IF(ABS(B31-(+B28+B29+B30))<0.5,TRUE,B31-(+B28+B29+B30)) | C40: =IF(ABS(C31-(+C28+C29+C30))<0.5,TRUE,C31-(+C28+C29+C30))

Sheet 1
A1: 1. 회사의 개요 | J1: =HYPERLINK("#총괄표!A1","◀ 총괄표")
A3: 주식회사 케이씨에스(이하 "당사")는 금융기관에 사용되는 중대형 서버 등의 제조, 판매 및 유지보수를 목적으로 한국지주(주)로부터 물적분할에 의하여 2002년 12월 1일 설립되었습니다. 당사는 경상북도 구미시 3공단1로 284(임수동)에 본점을 두고 있으며 서울특별시 마포구에 지점을 두고 있습니다.당사는 2009년 8월 31일자 임시주주총회의 결의에 의거 당사의 상호를 주식회사 케이씨아이에서 주식회사 케이씨에스로 변경하였습니다. 또한 당사는 2010년 4월 14일자로 한국거래소가 개설하는 코스닥(KOSDAQ)시장에 주식을 상장하였습니다.
A4: 당기말과 전기말 현재 당사의 주요 주주현황은 다음과 같습니다.
A5: 주주명 | B5: 당기말 | C5: 당기말 | D5: 전기말 | E5: 전기말
A6: 주주명 | B6: 주식수(주) | C6: 지분율 | D6: 주식수(주) | E6: 지분율
A7: 한국지주(주) | B7: 8000000 | C7: 66.67% | D7: 8000000 | E7: 66.67%
A8: 기 타 | B8: 4000000 | C8: 33.33% | D8: 4000000 | E8: 33.33%
A9: 합 계 | B9: 12000000 | C9: 100.00% | D9: 12000000 | E9: 100.00%
A10: └ 푸팅검증: 합 계(행 9) − Σ(행) | B10: =IF(ABS(B9-(SUM(B7:B8)))<0.5,TRUE,B9-(SUM(B7:B8))) | D10: =IF(ABS(D9-(SUM(D7:D8)))<0.5,TRUE,D9-(SUM(D7:D8)))

Sheet 2
A1: 2. 중요한 회계정책 | J1: =HYPERLINK("#총괄표!A1","◀ 총괄표")
A3: 다음은 재무제표 작성에 적용된 중요한 회계정책입니다. 이러한 정책은 별도의 언급이 없다면, 표시된 회계기간에 계속적으로 적용됩니다.
A4: 2.1 재무제표 작성 기준
A5: 당사의 재무제표는 한국채택국제회계기준(이하 "기업회계기준")에 따라 작성됐습니다. 한국채택국제회계기준은 국제회계기준위원회("IASB")가 발표한 기준서와 해석서 중 대한민국이 채택한 내용을 의미합니다.
A6: 재무제표는 다음을 제외하고는 역사적 원가에 기초하여 작성하였습니다.
A7: - | B7: 당기손익-공정가치로 측정되는 금융상품
A8: - | B8: 기타포괄손익-공정가치로 측정되는 금융상품
A9: - | B9: 확정급여채무의 현재가치에서 사외적립자산의 공정가치를 차감한 확정급여부채(자산)
A11: 기업회계기준은 재무제표 작성 시 중요한 회계추정의 사용을 허용하고 있으며, 회계정책을 적용함에 있어 경영진의 판단을 요구하고 있습니다. 보다 복잡하고 높은 수준의 판단이 필요한 부분이나 중요한 가정 및 추정이 필요한 부분은 주석 3에서 설명하고 있습니다.
A12: 2.2 회계정책과 공시의 변경
A13: 2.2.1 당사가 채택한 제ㆍ개정 기준서 및 해석서당사는 2025년 1월 1일로 개시하는 회계기간부터 다음의 제ㆍ개정 기준서 및 해석서를 신규로 적용하였습니다.(1) 기업회계기준서 제1021호 '환율변동효과' 개정 - 교환가능성의 결여당사는 2025년 1월 1일부터 통화의 교환가능성을 평가하고 다른 통화와 교환이 가능하지 않다면 현물환율을 추정하며 관련 정보를 공시하도록 하는 개정사항을 적용하였습니다. 동 개정사항은 2025년 1월 1일 이후 시작하는 회계연도부터 적용되며, 조기적용이 허용됩니다. 해당 기준서의 개정이 재무제표에 미치는 중요한 영향은 없습니다.
A14: 2.2.2 당사가 적용하지 않은 제ㆍ개정 기준서 및 해석서
A15: 제정ㆍ공표되었으나 2025년 1월 1일 이후 시작하는 회계연도에 시행일이 도래하지 아니한 주요 제ㆍ개정 기준서 및 해석서는 다음과 같습니다. 당사는 재무제표 작성시다음의 제ㆍ개정 기준서 및 해석서를 조기적용하지 아니하였습니다. 다음의 제ㆍ개정 기준서가 당사에 미치는 영향을 검토하고 있습니다. - 금융상품 분류와 측정 요구사항(기업회계기준서 제1107호 '금융상품: 공시', 제1109호 '금융상품')- 재무제표 표시와 공시의 제정(기업회계기준서 제1118호 '재무제표 표시와 공시')- 연차개선(기업회계기준서 제1007호 '현금흐름표', 제1107호 '금융상품: 공시', 제1109호 '금융상품', 제1110호 '연결재무제표')
A16: 2.3 외화환산
A17: (1) 기능통화와 표시통화
A18: 당사는 영업활동이 이뤄지는 주된 경제 환경에서의 통화("기능통화")를 적용하여 측정하고 있습니다. 당사의 기능통화는 대한민국 원화이며, 재무제표는 대한민국 원화로 표시되어 있습니다.
A19: (2) 외화거래와 보고기간말의 환산
A20: 외화거래는 거래일의 환율 또는 재측정되는 항목인 경우 평가일의 환율을 적용한 기능통화로 인식됩니다. 외화거래의 결제나 화폐성 외화 자산ㆍ부채의 환산에서 발생하는 외환차이는 당기손익으로 인식됩니다. 다만, 조건을 충족하는 현금흐름위험회피나 순투자의 위험회피의 효과적인 부분과 관련되거나 보고기업의 해외사업장에 대한 순투자의 일부인 화폐성항목에서 생기는 손익은 기타포괄손익으로 인식합니다.
A21: 차입금과 관련된 외환차이는 포괄손익계산서에 '금융비용'으로 표시되며, 다른 외환차이는 '기타영업외수익' 또는 '기타영업외비용'에 표시됩니다.
A22: 비화폐성 금융자산ㆍ부채로부터 발생하는 외환차이는 공정가치 변동손익의 일부로 보아 당기손익-공정가치 측정 지분상품으로부터 발생하는 외환차이는 당기손익으로, 기타포괄손익-공정가치 측정 지분상품의 외환차이는 기타포괄손익에 포함하여 인식됩니다.
... A53: 토지를 제외한 자산은 취득원가에서 잔존가치를 제외하고, 다음의 추정 경제적 내용연수에 걸쳐 정액법으로 상각됩니다.
A54: 과 목 | B54: 추정 내용연수
A55: 건물 | B55: 40년
A56: 구축물 | B56: 5년
A57: 기계장치 | B57: 4년
A58: 차량운반구 | B58: 4년
A59: 집기비품 | B59: 4년
A61: 유형자산의 감가상각방법과 잔존가치 및 경제적 내용연수는 매 회계연도 말에 재검토 되고 필요한 경우 추정의 변경으로 조정됩니다.
A62: 2.8 차입원가 적격자산을 취득 또는 건설하는데 발생한 차입원가는 해당 자산을 의도된 용도로 사용할 수 있도록 준비하는 기간 동안 자본화되고, 적격자산을 취득하기 위한 특정목적차입금의 일시적 운용에서 발생한 투자수익은 당 회계기간 동안 자본화 가능한 차입원가에서 차감됩니다. 기타 차입원가는 발생기간에 비용으로 인식됩니다.
A63: 2.9 무형자산
A64: 당사의 무형자산은 회원권으로서 최초 인식할 때 원가로 측정하며, 최초 인식 후에 원가에서 손상차손누계액을 차감한 금액을 장부금액으로 인식하고 있습니다. 동 회원권은 이를 이용할 수 있을 것으로 기대되는 기간에 대하여 예측가능한 제한이 없으므로 내용연수가 한정되지 않아 상각되지 않습니다.
A65: 2.10 투자부동산임대수익이나 투자차익을 목적으로 보유하고 있는 부동산은 투자부동산으로 분류됩니다. 투자부동산은 최초 인식시점에 원가로 측정되며, 최초 인식 후에는 원가에서 감가상각누계액과 손상차손누계액을 차감한 금액으로 표시됩니다.
A66: 2.11 비금융자산의 손상내용연수가 비한정인 무형자산에 대하여는 매년, 상각대상 자산에 대하여는 자산손상을 시사하는 징후가 있을 때 손상검사를 수행하고 있습니다. 손상차손은 회수가능액(사용가치 또는 처분부대원가를 차감한 공정가치 중 높은 금액)을 초과하는 장부금액만큼 인식되고 영업권 이외의 비금융자산에 대한 손상차손은 매 보고기간말에 환입가능성이 검토됩니다.
A67: 2.12 매입채무와 기타지급채무
A68: 매입채무와 기타지급채무는 당사가 보고기간말 전에 재화나 용역을 제공받았으나 지급되지 않은 부채입니다. 해당 채무는 무담보이며, 보통 인식 후 60일 이내에 지급됩니다. 매입채무와 기타지급채무는 지급기일이 보고기간 후 12개월 후가 아니라면 유동부채로 표시되었습니다. 해당 채무들은 최초에 공정가치로 인식되고 후속적으로 유효이자율법을 적용한 상각후원가로 측정됩니다.
A69: 2.13 금융부채 (1) 분류 및 측정당기손익-공정가치 측정 금융부채, 금융보증계약, 금융자산의 양도가 제거조건을 충족하지 못하는 경우에 발생하는 금융부채를 제외한 모든 비파생금융부채는 상각후원가로 측정하는 금융부채로 분류되고 있으며, 재무상태표 상 '매입채무'와 '기타지급채무' 등으로 표시됩니다.
A70: (2) 제거금융부채는 계약상 의무가 이행, 취소 또는 만료되어 소멸되거나 기존 금융부채의 조건이 실질적으로 변경된 경우에 재무상태표에서 제거됩니다. 소멸하거나 제3자에게 양도한 금융부채의 장부금액과 지급한 대가(양도한 비현금자산이나 부담한 부채를 포함)의 차액은 당기손익으로 인식합니다.2.14 충당부채과거사건의 결과로 현재의 법적의무나 의제의무가 존재하고, 그 의무를 이행하기 위한 자원의 유출가능성이 높으며, 당해 금액의 신뢰성 있는 추정이 가능한 경우 복구충당부채 및 소송충당부채 등을 인식하고 있습니다. 충당부채는 의무를 이행하기 위하여 예상되는 지출액의 현재가치로 측정되며, 시간경과로 인한 충당부채의 증가는 이자비용으로 인식됩니다.
A71: 2.15 당기법인세 및 이연법인세법인세비용은 당기법인세와 이연법인세로 구성됩니다. 법인세는 기타포괄손익이나 자본에 직접 인식된 항목과 관련된 금액은 해당 항목에서 직접 인식하며, 이를 제외하고는 당기손익으로 인식됩니다.당기법인세비용은 보고기간말 현재 제정되었거나 실질적으로 제정된 세법에 근거하여 측정합니다. 경영진은 적용 가능한 세법 규정이 해석에 따라 달라질 수 있는 상황에 대하여 당사가 세무신고 시 적용한 세무정책에 대하여 주기적으로 평가하고 있으며, 세무당국이 불확실한 법인세 처리를 수용할 가능성이 높은지 고려합니다. 당사는법인세 측정 시 가장 가능성이 높은 금액 또는 기댓값 중 불확실성의 해소를 더 잘 예측할 것으로 예상되는 방법을 사용하여 불확실성의 영향을 반영합니다.이연법인세는 자산과 부채의 장부금액과 세무기준액의 차이로 발생하는 일시적차이에 대하여 장부금액을 회수하거나 결제할 때의 예상 법인세효과로 인식됩니다. 다만,사업결합 이외의 거래에서 자산ㆍ부채를 최초로 인식할 때 발생하는 이연법인세 자산과 부채는 그 거래가 회계이익이나 과세소득에 영향을 미치지 않는다면 인식되지 않습니다.
A72: 이연법인세자산은 차감할 일시적차이가 사용될 수 있는 미래 과세소득의 발생가능성이 높은 경우에 인식됩니다.이연법인세 자산과 부채는 법적으로 당기법인세자산과 당기법인세부채를 상계할 수 있는 권리를 당사가 보유하고 있고, 이연법인세 자산과 부채가 동일한 과세당국에 의해서 부과되는 법인세와 관련된 경우에 상계합니다. 당기법인세 자산과 부채는 법적으로 상계할 수 있는 권리를 당사가 보유하고 있고, 순액으로 결제할 의도가 있거나 자산을 실현하는 동시에 부채를 결제하려는 의도가 있는 경우에 상계합니다.
... A83: 리스에서 생기는 자산과 부채는 최초에 현재가치기준으로 측정합니다. 리스부채는 다음 리스료의 순현재가치를 포함합니다.
A84: - | B84: 받을 리스 인센티브를 차감한 고정리스료(실질적인 고정리스료 포함)
A85: - | B85: 개시일 현재 지수나 요율을 사용하여 최초 측정한, 지수나 요율(이율)에 따라 달라지는 변동리스료
A86: - | B86: 잔존가치보증에 따라 당사(리스이용자)가 지급할 것으로 예상되는 금액
A87: - | B87: 당사(리스이용자)가 매수선택권을 행사할 것이 상당히 확실한 경우에 그 매수선택권의 행사가격
A88: - | B88: 리스기간이 당사(리스이용자)의 종료선택권 행사를 반영하는 경우에 그 리스를 종료하기 위하여 부담하는 금액
A90: 리스이용자가 리스연장선택권을 행사할 것이 상당히 확실한(reasonably certain) 경우 그 선택권의 행사에 따라 지급할 리스료 또한 리스부채의 측정에 포함됩니다. 리스의 내재이자율을 쉽게 산정할 수 있는 경우 그 이자율로 리스료를 할인합니다. 내재이자율을 쉽게 산정할 수 없는 경우에는 리스이용자가 비슷한 경제적 환경에서 비슷한 기간에 걸쳐 비슷한 담보로 사용권자산과 가치가 비슷한 자산을 획득하는 데 필요한 자금을 차입한다면 지급해야 할 이자율인 리스이용자의 증분차입이자율을 사용합니다.
A91: 당사는 증분차입이자율을 다음과 같이 산정합니다.
A92: - | B92: 가능하다면 개별 리스이용자가 받은 최근 제3자 금융 이자율에 제3자 금융을 받은 이후 재무상태의 변경을 반영
A93: - | B93: 국가, 통화, 담보, 보증과 같은 리스에 특정한 조정을 반영
A95: 개별 리스이용자가 리스와 비슷한 지급일정을 가진 분할상환 차입금 이자율을 쉽게 관측(최근의 금융 또는 시장 자료를 통해)할 수 있는 경우, 당사는 증분차입이자율을 산정할 때 그 이자율을 시작점으로 사용합니다.당사는 지수나 요율에 따라 달라지는 변동리스료의 경우 지수나 요율이 유효할 때까지 리스부채에 포함하지 않는 변동리스료의 잠재적 미래 증가 위험에 노출되어 있습니다. 지수나 요율에 따라 달라지는 리스료의 조정액이 유효한 시점에서 리스부채를 재평가하고 사용권자산을 조정합니다.
A96: 각 리스료는 리스부채의 상환과 금융비용으로 배분합니다. 금융비용은 각 기간의 리스부채 잔액에 대하여 일정한 기간 이자율이 산출되도록 계산된 금액을 리스기간에 걸쳐 당기손익으로 인식합니다.
A97: 사용권자산은 다음 항목들로 구성된 원가로 측정합니다.
A98: - | B98: 리스부채의 최초 측정금액
A99: - | B99: 받은 리스 인센티브를 차감한 리스개시일이나 그 전에 지급한 리스료
A100: - | B100: 리스이용자가 부담하는 리스개설직접원가
A101: - | B101: 복구원가의 추정치
A103: 사용권자산은 리스개시일부터 사용권자산의 내용연수 종료일과 리스기간 종료일 중 이른 날까지의 기간동안 감가상각합니다. 당사가 매수선택권을 행사할 것이 상당히 확실한(reasonably certain) 경우 사용권자산은 기초자산의 내용연수에 걸쳐 감가상각합니다.
A104: 단기리스와 모든 소액자산 리스와 관련된 리스료는 정액 기준에 따라 당기손익으로 인식합니다. 단기리스는 리스기간이 12개월 이하인 리스이며, 소액리스자산은 소액의 사무용기기 등으로 구성되어 있습니다.
A105: (3) 연장선택권 및 종료선택권일부 리스계약에 연장선택권 및 종료선택권을 포함하고 있습니다. 이러한 조건들은 계약 관리 측면에서 운영상의 유연성을 극대화하기 위해 사용됩니다. 보유하고 있는 연장선택권 및 종료선택권은 해당 리스제공자가 아니라 당사가 행사할 수 있습니다.
A106: (4) 잔존가치보증계약기간 동안 리스원가를 최적화하기 위해 당사는 리스와 관련하여 종종 잔존가치보증을 제공합니다.
A107: 2.19 영업부문 영업부문별 정보는 최고영업의사결정자에게 내부적으로 보고되는 방식에 기초하여 공시됩니다(주석 7 참조). 최고영업의사결정자는 영업부문에 배부될 자원과 영업부문의 성과를 평가하는데 책임이 있습니다.
A108: 2.20 재무제표 승인당사의 재무제표는 2026년 2월 20일 이사회에서 승인되었으며, 향후 정기주주총회에서 수정 승인될 수 있습니다.

Sheet 3
A1: 3. 중요한 회계추정 및 가정 | J1: =HYPERLINK("#총괄표!A1","◀ 총괄표")
A3: 재무제표 작성에는 미래에 대한 가정 및 추정이 요구되며 경영진은 당사의 회계정책을 적용하기 위해 판단이 요구됩니다. 추정 및 가정은 지속적으로 평가되며, 과거 경험과 현재의 상황에 비추어 합리적으로 예측가능한 미래의 사건을 고려하여 이루어집니다. 회계추정의 결과가 실제 결과와 동일한 경우는 드물 것이므로 중요한 조정을유발할 수 있는 유의적인 위험을 내포하고 있습니다.
A4: 다음 회계연도에 자산 및 부채 장부금액의 조정에 영향을 미칠 수 있는 경영진 판단과 유의적 위험에 대한 추정 및 가정은 다음과 같습니다. 일부 항목에 대한 유의적인 판단 및 추정에 대한 추가적인 정보는 개별 주석에 포함되어 있습니다.
A5: (1) 법인세당사의 과세소득에 대한 법인세는 세법 및 과세당국의 결정을 적용하여 산정되므로 최종 세효과를 산정하는 데에는 불확실성이 존재합니다(주석 19 참조).
A6: 당사는 이연법인세 측정 시 미래 예상 과세소득에 적용되는 예상평균세율을 추정하고 있으며, 이연법인세의 실현가능성 판단 시에는 예상되는 차감할 일시적차이, 예상과세소득, 이월세액공제의 사용가능성 등을 추정하고 있습니다.
A7: (2) 금융상품의 공정가치
A8: 활성시장에서 거래되지 않는 금융상품의 공정가치는 원칙적으로 평가기법을 사용하여 결정됩니다. 당사는 보고기간말 현재 중요한 시장상황에 기초하여 다양한 평가기법의 선택 및 가정에 대한 판단을 하고 있습니다(주석 5 참조).
A9: (3) 금융자산의 손상
A10: 금융자산의 손실충당금은 부도위험 및 기대손실률 등에 대한 가정에 기초하여 측정됩니다. 당사는 이러한 가정의 설정 및 손상모델에 사용되는 투입변수의 선정에 있어서 당사의 과거 경험, 현재 시장 상황, 재무보고일 기준의 미래전망정보 등을 고려하여 판단합니다(주석 4.1.2 참조).
A11: (4) 순확정급여부채(자산)
A12: 순확정급여부채(자산)의
A13: 현재가치는
A14: 보험수리적방식에
... A17: 요소들,특히 할인율의 변동에 영향을 받습니다(주석 18 참조).

Sheet 4
A1: 4. 재무위험관리 | J1: =HYPERLINK("#총괄표!A1","◀ 총괄표")
A3: 4.1 재무위험관리요소 당사는 여러 활동으로 인하여 시장위험(외환위험, 이자율위험, 가격위험), 신용위험 및 유동성위험과 같은 다양한 재무위험에 노출돼 있습니다. 당사의 전반적인 위험관리정책은 금융시장의 변동성에 초점을 맞추고 있으며 재무성과에 미치는 부정적 영향을 최소화하는데 중점을 두고 있습니다.재무위험관리의 대상이 되는 당사의 금융자산은 현금및현금성자산, 당기손익-공정가치 측정 금융자산, 기타포괄손익-공정가치 측정 금융자산, 매출채권 및 기타채권 등으로 구성되어 있으며 금융부채는 매입채무, 미지급금, 미지급비용 등으로 구성되어 있습니다.
A4: 4.1.1 시장위험
A5: (1) 외환위험당사는 기능통화인 원화 이외의 통화로 표시되는 거래로 인하여 환율변동위험에 노출되어 있습니다. 보고기간말 현재 외환 위험에 노출되어 있는 당사의 금융자산ㆍ부채의 내역의 원화환산 기준액은 다음과 같습니다.
B6: (단위: 천원)
A7: 구 분 | B7: 당기말 | C7: 전기말
A8: 외화자산 | B8: 외화자산 | C8: 외화자산
A9: 현금및현금성자산 | B9: 1657729 | C9: 65114
A10: 당기손익-공정가치 측정 금융자산 | B10: 966816 | C10: 0
A11: 기타포괄손익-공정가치 측정 금융자산 | B11: 453413 | C11: 0
A12: 외화부채 | B12: 외화부채 | C12: 외화부채
A13: 매입채무 | B13: -2178932 | C13: 0
A14: 기타지급채무 | B14: -259828 | C14: -263204
A15: 순외화자산(부채) | B15: 639198 | C15: -198090
A17: 당기말과 전기말 현재, 다른 모든 변수가 일정하고 원화가 미국달러화에 대해 10% 약세 또는 강세를 가정할 경우, 당기 세후이익은 14,491천원(전기: 15,629천원), 자본은 49,857천원(전기: 15,629천원)만큼 상승 또는 하락하였을 것입니다.
A18: 당기말과 전기말에 적용된 환율은 다음과 같습니다.
B19: (단위: 원)
A20: 구 분 | B20: 평균환율 | C20: 평균환율 | D20: 기말환율 | E20: 기말환율
A21: 구 분 | B21: 당 기 | C21: 전 기 | D21: 당기말 | E21: 전기말
A22: USD | B22: 1422.22 | C22: 1363.98 | D22: 1434.9 | E22: 1470
A24: 상기 민감도 분석은 당기말과 전기말 현재 외화로 표시된 화폐성 자산 및 부채를 대상으로 하였습니다.
A25: (2) 가격위험
A26: 당사는 재무상태표상 당기손익-공정가치 측정 금융자산과 기타포괄손익-공정가치 측정 금융자산으로 분류되는 당사 보유 지분증권의 가격위험에 노출되어 있습니다.당사가 보유하고 있는 상장주식은 공개시장에서 거래되고 있으며, KOSPI 주가지수 또는 NASDAQ 주가지수 중 하나에 속해 있습니다.
A27: 당사가 보유하고 있는 상장주식 가격의 상승 또는 하락이 당기 및 전기의 세후손익 및 세후자본에 미치는 영향은 아래 표와 같습니다. 이 분석은 다른 변수들은 일정하며 당사가 보유하고 있는 상장주식의 가격이 일정하게 10% 상승 또는 하락하는 경우를 가정하여 세후 효과로 분석한 것입니다.
B28: (단위: 천원)
A29: 지 수 | B29: 지 수 | C29: 당 기 | D29: 당 기 | E29: 전 기 | F29: 전 기
A30: 지 수 | B30: 지 수 | C30: 손 익 | D30: 자 본 | E30: 손 익 | F30: 자 본
A31: 상장주식 | B31: 10% 상승시 | C31: 107823 | D31: 255187 | E31: 0 | F31: 88405
A32: 상장주식 | B32: 10% 하락시 | C32: -107823 | D32: -255187 | E32: 0 | F32: -88405
A34: 한편, 보고기간종료일 현재 당사가 보유하고 있는 당기손익-공정가치 측정 금융자산은 조합출자금, 상장주식 및 해외채권으로서, 조합출자금은 발행기관이 공시한 환매가격을 기초로 공정가치를 측정하고 있으며 상장주식 및 해외채권은 보고기간종료일현재의 시장가격(또는 평가기관이 산정한 공정가치)을 기초로 공정가치를 측정하고 있습니다. 또한 동 당기손익-공정가치 측정 금융자산의 최대 가격위험 노출금액은 해당 자산의 장부금액입니다.(3) 이자율위험보고기간종료일 현재 당사는 차입금을 보유하고 있지 않으므로 이자율위험에 노출되어 있지 않습니다.
A35: 4.1.2 신용 위험신용위험은 기업 및 개인 고객에 대한 신용거래 및 채권 뿐 아니라 현금성자산, 채무상품의 계약 현금흐름, 예치금 등에서도 발생합니다. (1) 위험관리은행 및 금융기관의 경우, 신용등급이 우수한 금융기관과 거래하고 있으므로 금융기관으로부터의 신용위험은 제한적입니다. 당사의 신용위험은 개별 고객, 산업, 지역 등에 대한 유의적인 집중은 없습니다.
A36: 당사가 보유하는 채무상품은 모두 낮은 신용위험의 상품에 해당합니다. 이러한 채무상품들에 대해서는 신용등급을 모니터링하여 신용위험의 하락을 평가하고 있습니다.(2) 금융자산의 손상당사는 기대신용손실 모형이 적용되는 다음의 금융자산을 보유하고 있습니다.
A37: ㆍ 재화 및 용역의 제공에 따른 매출채권ㆍ 용역 제공에 따른 계약자산
A38: ㆍ 상각후원가로 측정하는 기타 금융자산
A39: 현금성자산도 손상 규정의 적용대상에 포함되나 식별된 기대신용손실은 유의적이지 않습니다.
A40: 당사는 매출채권 및 계약자산에 대해 전체 기간 기대신용손실을 손실충당금으로 인식하는 간편법을 적용합니다. 기대신용손실을 측정하기 위해 매출채권은 신용위험 특성과 연체일을 기준으로 구분하였습니다. 상각후원가로 측정하는 기타 금융자산에는 대여금, 보증금, 미수금 등이 포함됩니다.상각후원가로 측정하는 기타 금융자산은 전체기간 기대신용손실로 손실충당금을 인식한 1년 이상 초과 연체채권을 제외하고 모두 신용위험이 낮은 것으로 판단되며, 따라서 손실충당금은 12개월 기대신용손실로 인식하였습니다.
A41: 당기말과 전기말 현재 매출채권에 대한 기대신용손실 및 각 연령별로 손상된 금액은 다음과 같습니다.
B42: (단위: 천원)
A43: 구 분 | B43: 당기말 | C43: 당기말 | D43: 당기말 | E43: 전기말 | F43: 전기말 | G43: 전기말
A44: 구 분 | B44: 기대손실율 | C44: 채권잔액 | D44: 손상된 금액 | E44: 기대손실율 | F44: 채권잔액 | G44: 손상된 금액
A45: 90일 이하(만기일 미도래) | B45: 0.02% | C45: 6694429 | D45: 1630 | E45: 0.08% | F45: 2772495 | G45: 2291
A46: 91일~180일 | B46: 0.89% | C46: 1271 | D46: 11 | E46: 3.95% | F46: 177 | G46: 7
A47: 181일~270일 | B47: 4.94% | C47: 0 | D47: 0 | E47: 10.74% | F47: 0 | G47: 0
A48: 271일~365일 | B48: 22.22%(*) | C48: 10508 | D48: 10508 | E48: 33.33% | F48: 0 | G48: 0
A49: 1년 초과 | B49: 100.00% | C49: 341414 | D49: 341414 | E49: 100.00% | F49: 341414 | G49: 341414
A50: 합 계 | C50: 7047622 | D50: 353563 | F50: 3114086 | G50: 343712
A51: └ 푸팅검증: 합 계(행 50) − Σ(행) | C51: =IF(ABS(C50-(SUM(C45:C49)))<1.5,TRUE,C50-(SUM(C45:C49))) | D51: =IF(ABS(D50-(SUM(D45:D49)))<1.5,TRUE,D50-(SUM(D45:D49))) | F51: =IF(ABS(F50-(SUM(F45:F49)))<1.5,TRUE,F50-(SUM(F45:F49))) | G51: =IF(ABS(G50-(SUM(G45:G49)))<1.5,TRUE,G50-(SUM(G45:G49)))
A53: (*) 당기말 특정 채권에 대해서 개별평가를 수행하여 100%손상을 인식하였습니다.당기말과 전기말 현재 기타채권의 각 연령별 손상된 금액은 다음과 같습니다.
B54: (단위: 천원)
A55: 구 분 | B55: 당기말 | C55: 당기말 | D55: 전기말 | E55: 전기말
A56: 구 분 | B56: 채권잔액 | C56: 손상된 금액 | D56: 채권잔액 | E56: 손상된 금액
A57: 90일 이하(만기일 미도래) | B57: 1340733 | C57: 0 | D57: 1018289 | E57: 0
A58: 1년 초과 | B58: 199567 | C58: 199567 | D58: 199567 | E58: 199567
A59: 합 계 | B59: 1540300 | C59: 199567 | D59: 1217856 | E59: 199567
A60: └ 푸팅검증: 합 계(행 59) − Σ(행) | B60: =IF(ABS(B59-(SUM(B57:B58)))<1.5,TRUE,B59-(SUM(B57:B58))) | C60: =IF(ABS(C59-(SUM(C57:C58)))<1.5,TRUE,C59-(SUM(C57:C58))) | D60: =IF(ABS(D59-(SUM(D57:D58)))<1.5,TRUE,D59-(SUM(D57:D58))) | E60: =IF(ABS(E59-(SUM(E57:E58)))<1.5,TRUE,E59-(SUM(E57:E58)))
A62: 매출채권 및 기타채권은 회수를 더 이상 합리적으로 예상할 수 없는 경우 제각됩니다.
A63: 당기와 전기 중 손실충당금 변동내역은 다음과 같습니다.
B64: (단위: 천원)
A65: 구 분 | B65: 당 기 | C65: 당 기 | D65: 전 기 | E65: 전 기
A66: 구 분 | B66: 매출채권 | C66: 기타채권 | D66: 매출채권 | E66: 기타채권
A67: 기초금액 | B67: 343712 | C67: 199567 | D67: 185163 | E67: 199567
A68: 대손상각비 | B68: 9851 | C68: 0 | D68: 158549 | E68: 0
A69: 기말금액 | B69: 353563 | C69: 199567 | D69: 343712 | E69: 199567
A70: └ 푸팅검증: 기말금액(행 69) − Σ(행) | B70: =IF(ABS(B69-(SUM(B67:B68)))<1.5,TRUE,B69-(SUM(B67:B68))) | C70: =IF(ABS(C69-(SUM(C67:C68)))<1.5,TRUE,C69-(SUM(C67:C68))) | D70: =IF(ABS(D69-(SUM(D67:D68)))<1.5,TRUE,D69-(SUM(D67:D68))) | E70: =IF(ABS(E69-(SUM(E67:E68)))<1.5,TRUE,E69-(SUM(E67:E68)))
A72: 4.1.3 유동성 위험
A73: 당사는 미사용 차입금 한도(주석 33 참조)를 적정 수준으로 유지하고, 영업 자금 수요를 충족시키기 위해 차입금 한도나 약정을 위반하는 일이 없도록 유동성에 대한 예측을 항시 모니터링하고 있습니다.
A74: 유동성 위험 분석에 포함된 금액은 계약상의 할인되지 않은 현금흐름입니다. 금융부채의 12개월 이내 만기가 도래하는 금액은 현재가치 할인의 효과가 중요하지 않으므로 장부금액과 동일합니다. 당기말과 전기말 현재 당사가 보유한 금융부채의 계약상 만기는 다음과 같습니다.
A75: <당기말>
B76: (단위: 천원)
A77: 구 분 | B77: 장부금액 | C77: 계약상현금흐름 | D77: 6개월 이내 | E77: 6개월~1년 | F77: 1년 초과
A78: 매입채무 | B78: 4092019 | C78: 4092019 | D78: 4092019 | E78: 0 | F78: 0
A79: 미지급금 | B79: 1570167 | C79: 1570167 | D79: 1570167 | E79: 0 | F79: 0
A80: 미지급비용(*) | B80: 77266 | C80: 77266 | D80: 77266 | E80: 0 | F80: 0
A81: 리스부채 | B81: 119286 | C81: 120968 | D81: 92616 | E81: 28352 | F81: 0
A82: 합 계 | B82: 5858738 | C82: 5860420 | D82: 5832068 | E82: 28352 | F82: 0
A83: └ 푸팅검증: 합 계(행 82) − Σ(행) | B83: =IF(ABS(B82-(SUM(B78:B81)))<1.5,TRUE,B82-(SUM(B78:B81))) | C83: =IF(ABS(C82-(SUM(C78:C81)))<1.5,TRUE,C82-(SUM(C78:C81))) | D83: =IF(ABS(D82-(SUM(D78:D81)))<1.5,TRUE,D82-(SUM(D78:D81))) | E83: =IF(ABS(E82-(SUM(E78:E81)))<1.5,TRUE,E82-(SUM(E78:E81)))
A85: <전기말>
B86: (단위: 천원)
A87: 구 분 | B87: 장부금액 | C87: 계약상현금흐름 | D87: 6개월 이내 | E87: 6개월~1년 | F87: 1년 초과
A88: 매입채무 | B88: 1080657 | C88: 1080657 | D88: 1080657 | E88: 0 | F88: 0
A89: 미지급금 | B89: 2333086 | C89: 2333086 | D89: 2333086 | E89: 0 | F89: 0
A90: 미지급비용(*) | B90: 52179 | C90: 52179 | D90: 52179 | E90: 0 | F90: 0
A91: 리스부채 | B91: 296287 | C91: 306202 | D91: 92616 | E91: 92617 | F91: 120969
A92: 합 계 | B92: 3762209 | C92: 3772124 | D92: 3558538 | E92: 92617 | F92: 120969
A93: └ 푸팅검증: 합 계(행 92) − Σ(행) | B93: =IF(ABS(B92-(SUM(B88:B91)))<1.5,TRUE,B92-(SUM(B88:B91))) | C93: =IF(ABS(C92-(SUM(C88:C91)))<1.5,TRUE,C92-(SUM(C88:C91))) | D93: =IF(ABS(D92-(SUM(D88:D91)))<1.5,TRUE,D92-(SUM(D88:D91))) | E93: =IF(ABS(E92-(SUM(E88:E91)))<1.5,TRUE,E92-(SUM(E88:E91))) | F93: =IF(ABS(F92-(SUM(F88:F91)))<1.5,TRUE,F92-(SUM(F88:F91)))
A95: (*) 종업원급여제도에 따른 당사의 의무에 대응하는 종업원급여부채 262,318천원(전기말: 270,527천원)은 금융상품 공시 대상이 아니므로 제외되었습니다.당사는 상기의 현금흐름이 유의적으로 더 이른 기간에 발생하거나, 유의적으로 다른 금액일 것으로 기대하지 않으며 금액은 이자지급액을 포함하고 있습니다.
A96: 4.2 자본위험 관리
A97: 당사의 자본 관리 목적은 계속기업으로서 주주 및 이해당사자들에게 이익을 지속적으로 제공할 수 있는 능력을 보호하고 자본 비용을 절감하기 위해 최적의 자본 구조를 유지하는 것입니다.
A98: 당사는 부채비율에 기초하여 자본을 관리하고 있습니다. 부채비율은 부채를 자본으로 나누어 산출하고 있습니다.
A99: 당기말과 전기말의 부채비율은 다음과 같습니다.
B100: (단위: 천원)
A101: 구 분 | B101: 당기말 | C101: 전기말
A102: 부채(A) | B102: 8031678 | C102: 4996789
A103: 자본(B) | B103: 19680714 | C103: 18878321
A104: 부채비율(A/B) | B104: 40.8% | C104: 26.5%
A107: ■ 크로스 참조
A108: 주4 부채비율 표 부채(A) = BS 부채총계 | B108: =IF(ABS(B102*1000-'BS'!B35)<5000,TRUE,B102*1000-'BS'!B35) | C108: → BS!B35
A109: 주4 부채비율 표 자본(B) = BS 자본총계 | B109: =IF(ABS(B103*1000-'BS'!B42)<5000,TRUE,B103*1000-'BS'!B42) | C109: → BS!B42

Sheet 5
A1: 5. 금융상품 공정가치 | J1: =HYPERLINK("#총괄표!A1","◀ 총괄표")
A3: 5.1 금융상품 종류별 공정가치당기 중 당사의 금융자산과 금융부채의 공정가치에 영향을 미치는 사업환경 및 경제적인 환경의 유의적인 변동은 없습니다. 따라서 상각후원가로 측정하는 당사의 금융자산과 금융부채의 장부금액은 공정가치의 합리적 근사치이므로 공정가치를 공시하지 않았습니다.
A4: 5.2 공정가치 서열체계
A5: 공정가치로 측정되는 금융상품은 공정가치 서열체계에 따라 구분되며 정의된 수준들은 다음과 같습니다.
A6: - | B6: 측정일에 동일한 자산이나 부채에 대해 접근할 수 있는 활성시장의 (조정하지 않은) 공시가격 (수준 1)
A7: - | B7: 수준 1의 공시가격 외에 자산이나 부채에 대해 직접적으로나 간접적으로 관측할 수 있는투입변수 (수준 2)
A8: - | B8: 자산이나 부채에 대한 관측할 수 없는 투입변수 (수준 3)
A10: 당기말과 전기말 현재 반복적으로 공정가치로 측정되고 인식된 당사의 금융자산은 다음과 같습니다.
A11: <당기말>
B12: (단위: 천원)
A13: 구 분 | B13: 수준1 | C13: 수준2 | D13: 수준3 | E13: 합 계
A14: 반복적인 공정가치 측정치 | B14: 반복적인 공정가치 측정치 | C14: 반복적인 공정가치 측정치 | D14: 반복적인 공정가치 측정치 | E14: 반복적인 공정가치 측정치
A15: 당기손익-공정가치 측정 금융자산 | B15: 1855021 | C15: 0 | D15: 307573 | E15: 2162594
A16: 기타포괄손익-공정가치 측정 금융자산 | B16: 1863009 | C16: 0 | D16: 0 | E16: 1863009
A18: <전기말>
B19: (단위: 천원)
A20: 구 분 | B20: 수준1 | C20: 수준2 | D20: 수준3 | E20: 합 계
A21: 반복적인 공정가치 측정치 | B21: 반복적인 공정가치 측정치 | C21: 반복적인 공정가치 측정치 | D21: 반복적인 공정가치 측정치 | E21: 반복적인 공정가치 측정치
A22: 당기손익-공정가치 측정 금융자산 | B22: 0 | C22: 1005940 | D22: 297963 | E22: 1303903
A23: 기타포괄손익-공정가치 측정 금융자산 | B23: 1117640 | C23: 0 | D23: 0 | E23: 1117640
A25: 5.3 반복적인 공정가치 측정치의 서열체계 수준 간 이동
A26: 당기 중 수준 1과 수준 2간의 유의적인 이동은 없으며, 당기 및 전기 중 수준 3으로 분류된 금융상품의 변동 내역은 다음과 같습니다.
B27: (단위: 천원)
A28: 구 분 | B28: 당기손익-공정가치 측정 금융자산 | C28: 당기손익-공정가치 측정 금융자산
A29: 구 분 | B29: 당 기 | C29: 전 기
A30: 기초 | B30: 297963 | C30: 0
A31: 수준 2로부터의 이동 | B31: 0 | C31: 290163
A32: 평가 | B32: 9610 | C32: 7800
A33: 기말 | B33: 307573 | C33: 297963
A34: └ 푸팅검증: 기말(행 33) − Σ(행) | B34: =IF(ABS(B33-(SUM(B30:B32)))<1.5,TRUE,B33-(SUM(B30:B32))) | C34: =IF(ABS(C33-(SUM(C30:C32)))<1.5,TRUE,C33-(SUM(C30:C32)))
A36: 5.4 가치평가기법 및 투입변수보고기간종료일 현재 당사는 공정가치 서열체계에서 수준3으로 분류되는 반복적인 공정가치측정치, 비반복적인 공정가치측청치에 대해 다음의 가치평가기법과 투입변수를 사용하고 있습니다.
B37: (단위: 천원)
A38: 구분 | B38: 공정가치 | C38: 수준 | D38: 가치평가법 | E38: 투입변수
A39: 당기손익-공정가치 측정 금융자산 | B39: 당기손익-공정가치 측정 금융자산 | C39: 당기손익-공정가치 측정 금융자산 | D39: 당기손익-공정가치 측정 금융자산 | E39: 당기손익-공정가치 측정 금융자산
A40: 출자금 | B40: 307573 | C40: 3 | D40: 순자산가치법 | E40: 순자산가치

Sheet 6
A1: 6. 범주별 금융상품 | J1: =HYPERLINK("#총괄표!A1","◀ 총괄표")
A3: 6.1 금융상품 범주별 장부금액
A4: 당기말과 전기말 현재 범주별 금융상품의 장부금액은 다음과 같습니다.<당기말>
B5: (단위: 천원)
A6: 구 분 | B6: 상각후원가 측정금융자산 | C6: 당기손익-공정가치측정 금융자산 | D6: 기타포괄손익-공정가치측정 금융자산 | E6: 상각후원가 측정금융부채
A7: 현금및현금성자산 | B7: 4026180 | C7: 0 | D7: 0 | E7: 0
A8: 매출채권및기타채권 | B8: 8034792 | C8: 0 | D8: 0 | E8: 0
A9: 당기손익-공정가치 측정 금융자산 | B9: 0 | C9: 2162594 | D9: 0 | E9: 0
A10: 기타포괄손익-공정가치 측정 금융자산 | B10: 0 | C10: 0 | D10: 1863009 | E10: 0
A11: 매입채무및기타지급채무(*) | B11: 0 | C11: 0 | D11: 0 | E11: -5739452
A12: 합 계 | B12: 12060972 | C12: 2162594 | D12: 1863009 | E12: -5739452
A13: └ 푸팅검증: 합 계(행 12) − Σ(행) | B13: =IF(ABS(B12-(SUM(B7:B11)))<1.5,TRUE,B12-(SUM(B7:B11))) | C13: =IF(ABS(C12-(SUM(C7:C11)))<1.5,TRUE,C12-(SUM(C7:C11))) | D13: =IF(ABS(D12-(SUM(D7:D11)))<1.5,TRUE,D12-(SUM(D7:D11))) | E13: =IF(ABS(E12-(SUM(E7:E11)))<1.5,TRUE,E12-(SUM(E7:E11)))
A15: <전기말>
B16: (단위: 천원)
A17: 구 분 | B17: 상각후원가 측정금융자산 | C17: 당기손익-공정가치측정 금융자산 | D17: 기타포괄손익-공정가치측정 금융자산 | E17: 상각후원가측정금융부채
A18: 현금및현금성자산 | B18: 7065892 | C18: 0 | D18: 0 | E18: 0
A19: 매출채권및기타채권 | B19: 3788663 | C19: 0 | D19: 0 | E19: 0
A20: 당기손익-공정가치 측정 금융자산 | B20: 0 | C20: 1303903 | D20: 0 | E20: 0
A21: 기타포괄손익-공정가치 측정 금융자산 | B21: 0 | C21: 0 | D21: 1117640 | E21: 0
A22: 매입채무및기타지급채무(*) | B22: 0 | C22: 0 | D22: 0 | E22: -3465922
A23: 합 계 | B23: 10854555 | C23: 1303903 | D23: 1117640 | E23: -3465922
A24: └ 푸팅검증: 합 계(행 23) − Σ(행) | B24: =IF(ABS(B23-(SUM(B18:B22)))<1.5,TRUE,B23-(SUM(B18:B22))) | C24: =IF(ABS(C23-(SUM(C18:C22)))<1.5,TRUE,C23-(SUM(C18:C22))) | D24: =IF(ABS(D23-(SUM(D18:D22)))<1.5,TRUE,D23-(SUM(D18:D22))) | E24: =IF(ABS(E23-(SUM(E18:E22)))<1.5,TRUE,E23-(SUM(E18:E22)))
A26: (*) 기타지급채무 중 종업원급여제도에 따른 당사의 의무에 대응하는 종업원급여부채 262,318천원(전기말: 270,527천원)은 금융상품 공시 대상이 아니므로 제외되었습니다. 또한, 리스이용자로서 리스계약에 따른 리스부채는 포함하지 않았습니다.
A27: 6.2 금융상품 범주별 순손익
A28: 당기와 전기 중 금융상품 범주별 순손익은 다음과 같습니다.
B29: (단위: 천원)
A30: 구 분 | B30: 당 기 | C30: 전 기
A31: 상각후원가 측정 금융자산 | B31: 상각후원가 측정 금융자산 | C31: 상각후원가 측정 금융자산
A32: 이자수익 | B32: 112719 | C32: 229416
A33: 대손상각비 | B33: -9851 | C33: -158549
A34: 외환차손익 | B34: -24946 | C34: -15854
A35: 외화평가손익 | B35: 46891 | C35: -8027
A36: 당기손익-공정가치 측정 금융자산 | B36: 당기손익-공정가치 측정 금융자산 | C36: 당기손익-공정가치 측정 금융자산
A37: 평가및처분손익 | B37: 501439 | C37: 13740
A38: 배당금수익 | B38: 864 | C38: 0
A39: 기타포괄손익-공정가치 측정 금융자산 | B39: 기타포괄손익-공정가치 측정 금융자산 | C39: 기타포괄손익-공정가치 측정 금융자산
A40: 배당금수익 | B40: 69828 | C40: 30421
A41: 평가손익(기타포괄손익) | B41: 419571 | C41: -397060
A42: 상각후원가 측정 금융부채 | B42: 상각후원가 측정 금융부채 | C42: 상각후원가 측정 금융부채
A43: 이자비용 | B43: 0 | C43: -49998
A44: 합 계 | B44: 1116515 | C44: -355911
A45: └ 푸팅검증: 합 계(행 44) − Σ(행) | B45: =IF(ABS(B44-(B32+B33+B34+B35+B37+B38+B40+B41+B43))<1.5,TRUE,B44-(B32+B33+B34+B35+B37+B38+B40+B41+B43)) | C45: =IF(ABS(C44-(C32+C33+C34+C35+C37+C38+C40+C41+C43))<1.5,TRUE,C44-(C32+C33+C34+C35+C37+C38+C40+C41+C43))

Sheet 7
A1: 7. 영업부문 | J1: =HYPERLINK("#총괄표!A1","◀ 총괄표")
A3: (1) 보고부문에 대한 정보당사의 영업부문은 수익을 창출하고 비용을 발생시키는 사업활동을 영위하는 식별가능한 구성단위로서 부문의 성과평가를 위하여 최고의사결정자가 주기적으로 검토하는 내부보고자료에 기초하여 부문을 구분하고 있습니다. 경영진은 당사의 경제적 특성이 유사한 영업부문을 통합하여 보고부문을 구성하고 있습니다.보고기간 종료일 현재 당사의 보고부문별 내용은 다음과 같습니다.
A4: 보고부문 | B4: 주요내용
A5: 비즈니스 금융 솔루션 상품 | B5: NSK 서버, OGG 서버, DBMS 솔루션, HSM 보안장비, IOT, 기타 솔루션
A6: 용 역 | B6: 유지보수용역, 개발용역
A7: 기 타 | B7: 펜션 임대 및 관리용역 등
A9: (2) 당기 및 전기 중 부문별 수익 및 매출총이익은 다음과 같습니다.
B10: (단위: 천원)
A11: 구 분 | B11: 당 기 | C11: 당 기 | D11: 당 기 | E11: 당 기 | F11: 전 기 | G11: 전 기 | H11: 전 기 | I11: 전 기
A12: 구 분 | B12: 금융솔루션 | C12: 용 역 | D12: 기 타 | E12: 합 계 | F12: 금융솔루션 | G12: 용 역 | H12: 기 타 | I12: 합 계
A13: 총부문수익 | B13: 9997623 | C13: 14720165 | D13: 145694 | E13: 24863482 | F13: 13595193 | G13: 15775567 | H13: 168595 | I13: 29539355
A14: 매출총이익 | B14: 1826878 | C14: 3384821 | D14: -22938 | E14: 5188761 | F14: 1533717 | G14: 3590022 | H14: -144943 | I14: 4978796
A16: (3) 당사는 보고부문별 자산과 부채에 대하여 최고의사결정권자에게 보고하지 않습니다.(4) 당기와 전기의 매출은 모두 국내(대한민국) 매출이며, 비유동자산은 모두 국내에 소재합니다.(5) 주요 고객에 대한 정보당사의 매출액의 10% 이상을 차지하는 외부 고객의 경우 당기는 B사로서 발생한 매출액은 3,881,251천원이며, 전기는 A사로서 발생한 매출액은 2,979,713천원입니다.

Sheet 8
A1: 8. 현금및현금성자산 | J1: =HYPERLINK("#총괄표!A1","◀ 총괄표")
A3: 당기말과 전기말 현재 현금및현금성자산 내역은 다음과 같습니다.
B4: (단위: 천원)
A5: 구 분 | B5: 당기말 | C5: 전기말
A6: 현금 | B6: 950 | C6: 225
A7: 예적금 등 | B7: 4025230 | C7: 7065667
A8: 합 계 | B8: 4026180 | C8: 7065892
A9: └ 푸팅검증: 합 계(행 8) − Σ(행) | B9: =IF(ABS(B8-(SUM(B6:B7)))<1.5,TRUE,B8-(SUM(B6:B7))) | C9: =IF(ABS(C8-(SUM(C6:C7)))<1.5,TRUE,C8-(SUM(C6:C7)))
A12: ■ 크로스 참조
A13: 주8 현금및현금성자산 합계 = BS 현금및현금성자산 | B13: =IF(ABS(B8*1000-'BS'!B8)<5000,TRUE,B8*1000-'BS'!B8) | C13: → BS!B8

Sheet 9
A1: 9. 매출채권, 계약자산 및 기타 상각후원가 측정 금융자산 | J1: =HYPERLINK("#총괄표!A1","◀ 총괄표")
A3: 당기말과 전기말 현재 매출채권, 계약자산 및 기타 상각후원가 측정 금융자산의 내역은 다음과 같습니다.
B4: (단위: 천원)
A5: 구 분 | B5: 당기말 | C5: 당기말 | D5: 당기말 | E5: 전기말 | F5: 전기말 | G5: 전기말
A6: 구 분 | B6: 총장부금액 | C6: 대손충당금 | D6: 순장부금액 | E6: 총장부금액 | F6: 대손충당금 | G6: 순장부금액
A7: 유동 | B7: 유동 | C7: 유동 | D7: 유동 | E7: 유동 | F7: 유동 | G7: 유동
A8: 매출채권(*) | B8: 7047622 | C8: -353563 | D8: 6694059 | E8: 3114086 | F8: -343712 | G8: 2770374
A9: 기타채권
A10: 단기대여금 | B10: 30690 | C10: 0 | D10: 30690 | E10: 36917 | F10: 0 | G10: 36917
A11: 미수금 | B11: 199644 | C11: -199567 | D11: 77 | E11: 199591 | F11: -199567 | G11: 24
A12: 미수수익 | B12: 0 | C12: 0 | D12: 0 | E12: 46632 | F12: 0 | G12: 46632
A13: 보증금 | B13: 1265216 | C13: 0 | D13: 1265216 | E13: 300000 | F13: 0 | G13: 300000
A14: 소 계 | B14: 1495550 | C14: -199567 | D14: 1295983 | E14: 583140 | F14: -199567 | G14: 383573
A15: 유동 합계 | B15: 8543172 | C15: -553130 | D15: 7990042 | E15: 3697226 | F15: -543279 | G15: 3153947
A16: 비유동 | B16: 비유동 | C16: 비유동 | D16: 비유동 | E16: 비유동 | F16: 비유동 | G16: 비유동
A17: 장기대여금 | B17: 44250 | C17: 0 | D17: 44250 | E17: 49000 | F17: 0 | G17: 49000
A18: 보증금 | B18: 500 | C18: 0 | D18: 500 | E18: 585716 | F18: 0 | G18: 585716
A19: 비유동 합계 | B19: 44750 | C19: 0 | D19: 44750 | E19: 634716 | F19: 0 | G19: 634716
A20: 합 계 | B20: 8587922 | C20: -553130 | D20: 8034792 | E20: 4331942 | F20: -543279 | G20: 3788663
A21: └ 푸팅검증: 소 계(행 14) − 그룹합 | B21: =IF(ABS(B14-(SUM(B10:B13)))<1.5,TRUE,B14-(SUM(B10:B13))) | C21: =IF(ABS(C14-(SUM(C10:C13)))<1.5,TRUE,C14-(SUM(C10:C13))) | D21: =IF(ABS(D14-(SUM(D10:D13)))<1.5,TRUE,D14-(SUM(D10:D13))) | E21: =IF(ABS(E14-(SUM(E10:E13)))<1.5,TRUE,E14-(SUM(E10:E13))) | F21: =IF(ABS(F14-(SUM(F10:F13)))<1.5,TRUE,F14-(SUM(F10:F13))) | G21: =IF(ABS(G14-(SUM(G10:G13)))<1.5,TRUE,G14-(SUM(G10:G13)))
A22: └ 푸팅검증: 합 계(행 20) − 그룹합 | B22: =IF(ABS(B20-(B15+B19))<1.5,TRUE,B20-(B15+B19)) | C22: =IF(ABS(C20-(C15+C19))<1.5,TRUE,C20-(C15+C19)) | D22: =IF(ABS(D20-(D15+D19))<1.5,TRUE,D20-(D15+D19)) | E22: =IF(ABS(E20-(E15+E19))<1.5,TRUE,E20-(E15+E19)) | F22: =IF(ABS(F20-(F15+F19))<1.5,TRUE,F20-(F15+F19)) | G22: =IF(ABS(G20-(G15+G19))<1.5,TRUE,G20-(G15+G19))
A24: (*) 당기말 현재 매출채권에는 계약자산 644,343천원(전기말: 657,455천원)이 포함되어 있습니다.
A25: 매출채권은 정상적인 영업 과정에서 판매된 재화나 용역에 대하여 고객이 지불해야 할 금액입니다. 최초 인식시점에 매출채권이 유의적인 금융요소를 포함하지 않는 경우에는 거래가격을 공정가치로 측정합니다. 당사는 계약상 현금 흐름을 회수하는 목적으로 매출채권을 보유하고 있으므로 상각후원가로 측정하고 있습니다. 당사의 손상 정책 및 손실충당금 계산에 대한 사항은 주석 4.1.2에서 제공됩니다.
A27: ■ 크로스 참조
A28: 주9 매출채권 순장부금액 = BS 매출채권 | B28: =IF(ABS(D8*1000-'BS'!B9)<5000,TRUE,D8*1000-'BS'!B9) | C28: → BS!B9
A29: 주9 기타채권 소계 순장부금액 = BS 기타채권 | B29: =IF(ABS(D14*1000-'BS'!B10)<5000,TRUE,D14*1000-'BS'!B10) | C29: → BS!B10

Sheet 10
A1: 10. 기타자산 | J1: =HYPERLINK("#총괄표!A1","◀ 총괄표")
A3: 당기말과 전기말 현재 기타자산의 내역은 다음과 같습니다.
B4: (단위: 천원)
A5: 구 분 | B5: 당기말 | C5: 당기말 | D5: 전기말 | E5: 전기말
A6: 구 분 | B6: 유 동 | C6: 비유동 | D6: 유 동 | E6: 비유동
A7: 선급금 | B7: 1859036 | C7: 1440167 | D7: 1345711 | E7: 609977
A8: 부가세대급금 | B8: 1708 | C8: 0 | D8: 0 | E8: 0
A9: 합 계 | B9: 1860744 | C9: 1440167 | D9: 1345711 | E9: 609977
A10: └ 푸팅검증: 합 계(행 9) − Σ(행) | B10: =IF(ABS(B9-(SUM(B7:B8)))<1.5,TRUE,B9-(SUM(B7:B8))) | C10: =IF(ABS(C9-(SUM(C7:C8)))<1.5,TRUE,C9-(SUM(C7:C8))) | D10: =IF(ABS(D9-(SUM(D7:D8)))<1.5,TRUE,D9-(SUM(D7:D8))) | E10: =IF(ABS(E9-(SUM(E7:E8)))<1.5,TRUE,E9-(SUM(E7:E8)))
A13: ■ 크로스 참조
A14: 주10 기타자산 합계(유동) = BS 기타유동자산 | B14: =IF(ABS(B9*1000-'BS'!B11)<5000,TRUE,B9*1000-'BS'!B11) | C14: → BS!B11
A15: 주10 기타자산 합계(비유동) = BS 기타비유동자산 | B15: =IF(ABS(C9*1000-'BS'!B22)<5000,TRUE,C9*1000-'BS'!B22) | C15: → BS!B22

Sheet 11
A1: 11. 재고자산 | J1: =HYPERLINK("#총괄표!A1","◀ 총괄표")
A3: 당기말과 전기말 현재 재고자산의 장부금액은 다음과 같습니다.
B4: (단위: 천원)
A5: 구 분 | B5: 당기말 | C5: 당기말 | D5: 당기말 | E5: 전기말 | F5: 전기말 | G5: 전기말
A6: 구 분 | B6: 취득원가 | C6: 평가충당금(*) | D6: 장부금액 | E6: 취득원가 | F6: 평가충당금(*) | G6: 장부금액
A7: 상 품 | B7: 975851 | C7: -686803 | D7: 289048 | E7: 850553 | F7: -361785 | G7: 488768
A9: (*) 당기 중 재고자산의 순실현가능가치에 따른 재고자산평가손실 325,018천원(전기: 361,785천원)을 인식하였으며, 손익계산서의 매출원가에 포함됐습니다.당기와 전기 중 매출원가로 인식된 재고자산의 원가는 각각 8,170,745천원 및 12,061,640천원입니다.
A11: ■ 크로스 참조
A12: 주11 재고자산 장부금액 = BS 재고자산 | B12: =IF(ABS(D7*1000-'BS'!B12)<5000,TRUE,D7*1000-'BS'!B12) | C12: → BS!B12

Sheet 12
A1: 12. 공정가치 측정 금융자산 | J1: =HYPERLINK("#총괄표!A1","◀ 총괄표")
A3: (1) 당기말과 전기말 현재 당기손익-공정가치 측정 금융자산 및 기타포괄손익-공정가치 측정 금융자산의 내역은 다음과 같습니다.
B4: (단위: 천원)
A5: 구 분 | B5: 범 주 | C5: 당기말 | D5: 당기말 | E5: 전기말 | F5: 전기말
A6: 구 분 | B6: 범 주 | C6: 유 동 | D6: 비유동 | E6: 유 동 | F6: 비유동
A7: 지분증권(*1)(*2) | B7: 기타포괄손익-공정가치 측정 금융자산 | C7: 0 | D7: 1863009 | E7: 0 | F7: 1117640
A8: 지분증권, 출자금 외(*3) | B8: 당기손익-공정가치 측정 금융자산 | C8: 1363118 | D8: 799476 | E8: 1005940 | F8: 297963
A9: 합 계 | B9: 합 계 | C9: 1363118 | D9: 2662485 | E9: 1005940 | F9: 1415603
A10: └ 푸팅검증: 합 계(행 9) − Σ(행) | C10: =IF(ABS(C9-(SUM(C7:C8)))<1.5,TRUE,C9-(SUM(C7:C8))) | D10: =IF(ABS(D9-(SUM(D7:D8)))<1.5,TRUE,D9-(SUM(D7:D8))) | E10: =IF(ABS(E9-(SUM(E7:E8)))<1.5,TRUE,E9-(SUM(E7:E8))) | F10: =IF(ABS(F9-(SUM(F7:F8)))<1.5,TRUE,F9-(SUM(F7:F8)))
A12: (*1) 위 지분상품의 처분시에는 관련 기타포괄손익누계액은 이익잉여금으로 재분류되며 당기손익으로 재분류되지 않습니다.(*2) 전기 중 일부 지분상품을 유동자산에서 비유동자산으로 재분류하였습니다.(*3) 동 출자금 중 일부는 거래이행 보증을 위해 소프트웨어공제조합에 담보로 제공되어 있습니다(주석 33 참조).
A13: (2) 당기와 전기 중 기타포괄손익-공정가치 측정 금융자산의 변동내역은 다음과 같습니다.
B14: (단위: 천원)
A15: 구 분 | B15: 당 기 | C15: 전 기
A16: 기초금액 | B16: 1117640 | C16: 3531014
A17: 취 득 | B17: 924798 | C17: 761237
A18: 평가손익 | B18: 419571 | C18: -397060
A19: 처 분 | B19: -599000 | C19: -2777551
A20: 기말금액 | B20: 1863009 | C20: 1117640
A21: └ 푸팅검증: 기말금액(행 20) − Σ(행) | B21: =IF(ABS(B20-(SUM(B16:B19)))<1.5,TRUE,B20-(SUM(B16:B19))) | C21: =IF(ABS(C20-(SUM(C16:C19)))<1.5,TRUE,C20-(SUM(C16:C19)))
A23: (3) 당기와 전기 중 기타포괄손익-공정가치 측정 금융자산의 평가손익 변동내역은 다음과 같습니다.
B24: (단위: 천원)
A25: 구 분 | B25: 당 기 | C25: 전 기
A26: 기초금액 | B26: -1101843 | C26: -763803
A27: 평가금액(법인세효과 반영 전) | B27: 419571 | C27: -397060
A28: 법인세효과 | B28: -76457 | C28: 82986
A29: 처분에 따른 이익잉여금 대체 | B29: -37804 | C29: -23966
A30: 기말금액 | B30: -796533 | C30: -1101843
A31: └ 푸팅검증: 기말금액(행 30) − Σ(행) | B31: =IF(ABS(B30-(SUM(B26:B29)))<1.5,TRUE,B30-(SUM(B26:B29))) | C31: =IF(ABS(C30-(SUM(C26:C29)))<1.5,TRUE,C30-(SUM(C26:C29)))
A33: (4) 당기와 전기 중 당기손익-공정가치 측정 금융자산과 관련하여 손익으로 인식된 금액은 다음과 같습니다.
B34: (단위: 천원)
A35: 구 분 | B35: 당 기 | C35: 전 기
A36: 당기손익-공정가치 측정 금융자산 평가손익 | B36: -83866 | C36: 13740
A37: 당기손익-공정가치 측정 금융자산 처분손익 | B37: 585305 | C37: 0
A38: 합 계 | B38: 501439 | C38: 13740
A39: └ 푸팅검증: 합 계(행 38) − Σ(행) | B39: =IF(ABS(B38-(SUM(B36:B37)))<1.5,TRUE,B38-(SUM(B36:B37))) | C39: =IF(ABS(C38-(SUM(C36:C37)))<1.5,TRUE,C38-(SUM(C36:C37)))

Sheet 13
A1: 13. 유형자산 | J1: =HYPERLINK("#총괄표!A1","◀ 총괄표")
A3: (1) 당기말과 전기말 현재 유형자산 장부금액의 구성내역은 다음과 같습니다.
A4: <당기말>
B5: (단위: 천원)
A6: 구 분 | B6: 토 지 | C6: 건 물 | D6: 차량운반구 | E6: 집기비품 | F6: 기계장치 | G6: 사용권자산 | H6: 구축물 | I6: 합 계
A7: 취득원가 | B7: 5232621 | C7: 1722996 | D7: 15573 | E7: 672746 | F7: 595613 | G7: 382522 | H7: 87563 | I7: 8709634
A8: 감가상각누계액 | B8: 0 | C8: -368901 | D8: -15572 | E8: -649872 | F8: -464002 | G8: -266533 | H8: -87560 | I8: -1852440
A9: 장부금액 | B9: 5232621 | C9: 1354095 | D9: 1 | E9: 22874 | F9: 131611 | G9: 115989 | H9: 3 | I9: 6857194
A10: └ 푸팅검증: 장부금액(행 9) − Σ(행) | B10: =IF(ABS(B9-(SUM(B7:B8)))<1.5,TRUE,B9-(SUM(B7:B8))) | C10: =IF(ABS(C9-(SUM(C7:C8)))<1.5,TRUE,C9-(SUM(C7:C8))) | D10: =IF(ABS(D9-(SUM(D7:D8)))<1.5,TRUE,D9-(SUM(D7:D8))) | E10: =IF(ABS(E9-(SUM(E7:E8)))<1.5,TRUE,E9-(SUM(E7:E8))) | F10: =IF(ABS(F9-(SUM(F7:F8)))<1.5,TRUE,F9-(SUM(F7:F8))) | G10: =IF(ABS(G9-(SUM(G7:G8)))<1.5,TRUE,G9-(SUM(G7:G8))) | H10: =IF(ABS(H9-(SUM(H7:H8)))<1.5,TRUE,H9-(SUM(H7:H8))) | I10: =IF(ABS(I9-(SUM(I7:I8)))<1.5,TRUE,I9-(SUM(I7:I8)))
A12: <전기말>
B13: (단위: 천원)
A14: 구 분 | B14: 토 지 | C14: 건 물 | D14: 차량운반구 | E14: 집기비품 | F14: 기계장치 | G14: 사용권자산 | H14: 구축물 | I14: 합 계
A15: 취득원가 | B15: 5232621 | C15: 1722996 | D15: 31250 | E15: 661061 | F15: 515238 | G15: 382522 | H15: 87563 | I15: 8633251
A16: 감가상각누계액 | B16: 0 | C16: -325826 | D16: -25370 | E16: -623214 | F16: -419551 | G16: -89094 | H16: -77903 | I16: -1560958
A17: 장부금액 | B17: 5232621 | C17: 1397170 | D17: 5880 | E17: 37847 | F17: 95687 | G17: 293428 | H17: 9660 | I17: 7072293
A18: └ 푸팅검증: 장부금액(행 17) − Σ(행) | B18: =IF(ABS(B17-(SUM(B15:B16)))<1.5,TRUE,B17-(SUM(B15:B16))) | C18: =IF(ABS(C17-(SUM(C15:C16)))<1.5,TRUE,C17-(SUM(C15:C16))) | D18: =IF(ABS(D17-(SUM(D15:D16)))<1.5,TRUE,D17-(SUM(D15:D16))) | E18: =IF(ABS(E17-(SUM(E15:E16)))<1.5,TRUE,E17-(SUM(E15:E16))) | F18: =IF(ABS(F17-(SUM(F15:F16)))<1.5,TRUE,F17-(SUM(F15:F16))) | G18: =IF(ABS(G17-(SUM(G15:G16)))<1.5,TRUE,G17-(SUM(G15:G16))) | H18: =IF(ABS(H17-(SUM(H15:H16)))<1.5,TRUE,H17-(SUM(H15:H16))) | I18: =IF(ABS(I17-(SUM(I15:I16)))<1.5,TRUE,I17-(SUM(I15:I16)))
A20: (2) 당기와 전기 중 유형자산 장부금액의 변동내역은 다음과 같습니다.<당기>
B21: (단위: 천원)
A22: 구 분 | B22: 토 지 | C22: 건 물 | D22: 차량운반구 | E22: 집기비품 | F22: 기계장치 | G22: 사용권자산 | H22: 구축물 | I22: 합 계
A23: 기초금액 | B23: 5232621 | C23: 1397170 | D23: 5880 | E23: 37847 | F23: 95687 | G23: 293428 | H23: 9660 | I23: 7072293
A24: 취득 | B24: 0 | C24: 0 | D24: 0 | E24: 11685 | F24: 84926 | G24: 0 | H24: 0 | I24: 96611
A25: 처분 | B25: 0 | C25: 0 | D25: -5226 | E25: 0 | F25: -1 | G25: 0 | H25: 0 | I25: -5227
A26: 감가상각 | B26: 0 | C26: -43075 | D26: -653 | E26: -26658 | F26: -49001 | G26: -177439 | H26: -9657 | I26: -306483
A27: 기말금액 | B27: 5232621 | C27: 1354095 | D27: 1 | E27: 22874 | F27: 131611 | G27: 115989 | H27: 3 | I27: 6857194
A28: └ 푸팅검증: 기말금액(행 27) − Σ(행) | B28: =IF(ABS(B27-(SUM(B23:B26)))<1.5,TRUE,B27-(SUM(B23:B26))) | C28: =IF(ABS(C27-(SUM(C23:C26)))<1.5,TRUE,C27-(SUM(C23:C26))) | D28: =IF(ABS(D27-(SUM(D23:D26)))<1.5,TRUE,D27-(SUM(D23:D26))) | E28: =IF(ABS(E27-(SUM(E23:E26)))<1.5,TRUE,E27-(SUM(E23:E26))) | F28: =IF(ABS(F27-(SUM(F23:F26)))<1.5,TRUE,F27-(SUM(F23:F26))) | G28: =IF(ABS(G27-(SUM(G23:G26)))<1.5,TRUE,G27-(SUM(G23:G26))) | H28: =IF(ABS(H27-(SUM(H23:H26)))<1.5,TRUE,H27-(SUM(H23:H26))) | I28: =IF(ABS(I27-(SUM(I23:I26)))<1.5,TRUE,I27-(SUM(I23:I26)))
A30: <전기>
B31: (단위: 천원)
A32: 구 분 | B32: 토 지 | C32: 건 물 | D32: 차량운반구 | E32: 집기비품 | F32: 기계장치 | G32: 사용권자산 | H32: 구축물 | I32: 합 계
A33: 기초금액 | B33: 5232007 | C33: 1325931 | D33: 9799 | E33: 55229 | F33: 78292 | G33: 142488 | H33: 27173 | I33: 6870919
A34: 취득 | B34: 614 | C34: 113076 | D34: 0 | E34: 10277 | F34: 71240 | G34: 327235 | H34: 0 | I34: 522442
A35: 감가상각 | B35: 0 | C35: -41837 | D35: -3919 | E35: -27659 | F35: -53845 | G35: -176295 | H35: -17513 | I35: -321068
A36: 기말금액 | B36: 5232621 | C36: 1397170 | D36: 5880 | E36: 37847 | F36: 95687 | G36: 293428 | H36: 9660 | I36: 7072293
A37: └ 푸팅검증: 기말금액(행 36) − Σ(행) | B37: =IF(ABS(B36-(SUM(B33:B35)))<1.5,TRUE,B36-(SUM(B33:B35))) | C37: =IF(ABS(C36-(SUM(C33:C35)))<1.5,TRUE,C36-(SUM(C33:C35))) | D37: =IF(ABS(D36-(SUM(D33:D35)))<1.5,TRUE,D36-(SUM(D33:D35))) | E37: =IF(ABS(E36-(SUM(E33:E35)))<1.5,TRUE,E36-(SUM(E33:E35))) | F37: =IF(ABS(F36-(SUM(F33:F35)))<1.5,TRUE,F36-(SUM(F33:F35))) | G37: =IF(ABS(G36-(SUM(G33:G35)))<1.5,TRUE,G36-(SUM(G33:G35))) | H37: =IF(ABS(H36-(SUM(H33:H35)))<1.5,TRUE,H36-(SUM(H33:H35))) | I37: =IF(ABS(I36-(SUM(I33:I35)))<1.5,TRUE,I36-(SUM(I33:I35)))
A39: (3) 당기와 전기 중 발생한 감가상각비의 배부내역은 다음과 같습니다.
B40: (단위: 천원)
A41: 구 분 | B41: 당 기 | C41: 전 기
A42: 매출원가 | B42: 179780 | C42: 182558
A43: 판매비와관리비 | B43: 126703 | C43: 138510
A44: 합 계 | B44: 306483 | C44: 321068
A45: └ 푸팅검증: 합 계(행 44) − Σ(행) | B45: =IF(ABS(B44-(SUM(B42:B43)))<1.5,TRUE,B44-(SUM(B42:B43))) | C45: =IF(ABS(C44-(SUM(C42:C43)))<1.5,TRUE,C44-(SUM(C42:C43)))
A47: (4) 당사의 유형자산 중 일부는 보험에 가입되어 있습니다(주석 33 참조).
A49: ■ 크로스 참조
A50: 주13 유형자산 장부금액 합계 = BS 유형자산 | B50: =IF(ABS(I9*1000-'BS'!B20)<5000,TRUE,I9*1000-'BS'!B20) | C50: → BS!B20

Sheet 14
A1: 14. 리스 | J1: =HYPERLINK("#총괄표!A1","◀ 총괄표")
A3: (1) 당기와 전기 중 사용권자산의 변동내역은 다음과 같습니다.<당기>
B4: (단위: 천원)
A5: 구 분 | B5: 당기초 | C5: 증 가 | D5: 감가상각비 | E5: 당기말 | F5: └ 행검증: 당기말 − (당기초 +증가 +감가상각비)
A6: 사용권자산
A7: 부동산 | B7: 272696 | C7: 0 | D7: -163618 | E7: 109078 | F7: =IF(ABS(E7-(B7+C7+D7))<1.5,TRUE,E7-(B7+C7+D7))
A8: 차량운반구 | B8: 20732 | C8: 0 | D8: -13821 | E8: 6911 | F8: =IF(ABS(E8-(B8+C8+D8))<1.5,TRUE,E8-(B8+C8+D8))
A9: 합 계 | B9: 293428 | C9: 0 | D9: -177439 | E9: 115989 | F9: =IF(ABS(E9-(B9+C9+D9))<1.5,TRUE,E9-(B9+C9+D9))
A10: └ 푸팅검증: 합 계(행 9) − Σ(행) | B10: =IF(ABS(B9-(SUM(B7:B8)))<1.5,TRUE,B9-(SUM(B7:B8))) | D10: =IF(ABS(D9-(SUM(D7:D8)))<1.5,TRUE,D9-(SUM(D7:D8))) | E10: =IF(ABS(E9-(SUM(E7:E8)))<1.5,TRUE,E9-(SUM(E7:E8)))
A12: <전기>
B13: (단위: 천원)
A14: 구 분 | B14: 전기초 | C14: 증 가 | D14: 감가상각비 | E14: 전기말 | F14: └ 행검증: 전기말 − (전기초 +증가 +감가상각비)
A15: 사용권자산
A16: 부동산 | B16: 107934 | C16: 327235 | D16: -162473 | E16: 272696 | F16: =IF(ABS(E16-(B16+C16+D16))<1.5,TRUE,E16-(B16+C16+D16))
A17: 차량운반구 | B17: 34554 | C17: 0 | D17: -13822 | E17: 20732 | F17: =IF(ABS(E17-(B17+C17+D17))<1.5,TRUE,E17-(B17+C17+D17))
A18: 합 계 | B18: 142488 | C18: 327235 | D18: -176295 | E18: 293428 | F18: =IF(ABS(E18-(B18+C18+D18))<1.5,TRUE,E18-(B18+C18+D18))
A19: └ 푸팅검증: 합 계(행 18) − Σ(행) | B19: =IF(ABS(B18-(SUM(B16:B17)))<1.5,TRUE,B18-(SUM(B16:B17))) | C19: =IF(ABS(C18-(SUM(C16:C17)))<1.5,TRUE,C18-(SUM(C16:C17))) | D19: =IF(ABS(D18-(SUM(D16:D17)))<1.5,TRUE,D18-(SUM(D16:D17))) | E19: =IF(ABS(E18-(SUM(E16:E17)))<1.5,TRUE,E18-(SUM(E16:E17)))
A21: (2) 당기와 전기 중 리스부채의 변동내역은 다음과 같습니다.<당기>
B22: (단위: 천원)
A23: 구 분 | B23: 당기초 | C23: 증 가 | D23: 상환금액 | E23: 이자비용 | F23: 당기말 | G23: 유 동 | H23: 비유동 | I23: └ 행검증: 당기말 − (당기초 +증가 +상환금액 +이자비용)
A24: 리스부채
A25: 부동산 | B25: 274391 | C25: 0 | D25: -170113 | E25: 7546 | F25: 111824 | G25: 111824 | H25: 0 | I25: =IF(ABS(F25-(B25+C25+D25+E25))<1.5,TRUE,F25-(B25+C25+D25+E25))
A26: 차량운반구 | B26: 21896 | C26: 0 | D26: -15120 | E26: 686 | F26: 7462 | G26: 7462 | H26: 0 | I26: =IF(ABS(F26-(B26+C26+D26+E26))<1.5,TRUE,F26-(B26+C26+D26+E26))
A27: 합 계 | B27: 296287 | C27: 0 | D27: -185233 | E27: 8232 | F27: 119286 | G27: 119286 | H27: 0 | I27: =IF(ABS(F27-(B27+C27+D27+E27))<1.5,TRUE,F27-(B27+C27+D27+E27))
A28: └ 푸팅검증: 합 계(행 27) − Σ(행) | B28: =IF(ABS(B27-(SUM(B25:B26)))<1.5,TRUE,B27-(SUM(B25:B26))) | D28: =IF(ABS(D27-(SUM(D25:D26)))<1.5,TRUE,D27-(SUM(D25:D26))) | E28: =IF(ABS(E27-(SUM(E25:E26)))<1.5,TRUE,E27-(SUM(E25:E26))) | F28: =IF(ABS(F27-(SUM(F25:F26)))<1.5,TRUE,F27-(SUM(F25:F26))) | G28: =IF(ABS(G27-(SUM(G25:G26)))<1.5,TRUE,G27-(SUM(G25:G26)))
A30: <전기>
B31: (단위: 천원)
A32: 구 분 | B32: 전기초 | C32: 증 가 | D32: 상환금액 | E32: 이자비용 | F32: 전기말 | G32: 유 동 | H32: 비유동 | I32: └ 행검증: 전기말 − (전기초 +증가 +상환금액 +이자비용)
A33: 리스부채
A34: 부동산 | B34: 111396 | C34: 327235 | D34: -170113 | E34: 5873 | F34: 274391 | G34: 162567 | H34: 111824 | I34: =IF(ABS(F34-(B34+C34+D34+E34))<1.5,TRUE,F34-(B34+C34+D34+E34))
A35: 차량운반구 | B35: 35701 | C35: 0 | D35: -15120 | E35: 1315 | F35: 21896 | G35: 14434 | H35: 7462 | I35: =IF(ABS(F35-(B35+C35+D35+E35))<1.5,TRUE,F35-(B35+C35+D35+E35))
A36: 합 계 | B36: 147097 | C36: 327235 | D36: -185233 | E36: 7188 | F36: 296287 | G36: 177001 | H36: 119286 | I36: =IF(ABS(F36-(B36+C36+D36+E36))<1.5,TRUE,F36-(B36+C36+D36+E36))
A37: └ 푸팅검증: 합 계(행 36) − Σ(행) | B37: =IF(ABS(B36-(SUM(B34:B35)))<1.5,TRUE,B36-(SUM(B34:B35))) | C37: =IF(ABS(C36-(SUM(C34:C35)))<1.5,TRUE,C36-(SUM(C34:C35))) | D37: =IF(ABS(D36-(SUM(D34:D35)))<1.5,TRUE,D36-(SUM(D34:D35))) | E37: =IF(ABS(E36-(SUM(E34:E35)))<1.5,TRUE,E36-(SUM(E34:E35))) | F37: =IF(ABS(F36-(SUM(F34:F35)))<1.5,TRUE,F36-(SUM(F34:F35))) | G37: =IF(ABS(G36-(SUM(G34:G35)))<1.5,TRUE,G36-(SUM(G34:G35))) | H37: =IF(ABS(H36-(SUM(H34:H35)))<1.5,TRUE,H36-(SUM(H34:H35)))
A39: (3) 당기와 전기 중 리스와 관련하여 손익으로 인식한 금액은 다음과 같습니다.
B40: (단위: 천원)
A41: 구 분 | B41: 당 기 | C41: 전 기
A42: 사용권자산 감가상각비 | B42: 177439 | C42: 176295
A43: 리스부채에 대한 이자비용 | B43: 8232 | C43: 7188
A44: 단기리스에 관한 비용 | B44: 360 | C44: 360
A45: 소액자산 리스에 관한 비용 | B45: 9574 | C45: 13055
A46: 합 계 | B46: 195605 | C46: 196898
A47: └ 푸팅검증: 합 계(행 46) − Σ(행) | B47: =IF(ABS(B46-(SUM(B42:B45)))<1.5,TRUE,B46-(SUM(B42:B45))) | C47: =IF(ABS(C46-(SUM(C42:C45)))<1.5,TRUE,C46-(SUM(C42:C45)))
A49: (4) 당기 중 리스의 총 현금유출은 195,167천원(전기: 198,648천원)입니다.
A51: ■ 크로스 참조
A52: 주14 리스부채 합계(유동) = BS 리스부채 | B52: =IF(ABS(G27*1000-'BS'!B30)<5000,TRUE,G27*1000-'BS'!B30) | C52: → BS!B30

Sheet 15
A1: 15. 무형자산 | J1: =HYPERLINK("#총괄표!A1","◀ 총괄표")
A3: 당사의 무형자산은 회원권으로 구성되어 있으며, 당기말과 전기말 현재 무형자산의 장부금액의 구성내역은 다음과 같습니다.
B4: (단위: 천원)
A5: 구 분 | B5: 당기말 | C5: 전기말
A6: 취득원가 | B6: 684002 | C6: 684002
A7: 손상차손누계액(*) | B7: -287865 | C7: -287865
A8: 장부금액 | B8: 396137 | C8: 396137
A9: └ 푸팅검증: 장부금액(행 8) − Σ(행) | B9: =IF(ABS(B8-(SUM(B6:B7)))<1.5,TRUE,B8-(SUM(B6:B7))) | C9: =IF(ABS(C8-(SUM(C6:C7)))<1.5,TRUE,C8-(SUM(C6:C7)))
A11: (*) 당사는 전기 중 회원권에 대해 회수가능액을 평가하여 손상차손환입 240,000천원을 영업외수익으로 인식하였습니다.당사는 회원권에 대해서 비한정 내용연수를 가진 무형자산으로 분류하고 매년 손상여부를 검토하고 있습니다.
A13: ■ 크로스 참조
A14: 주15 무형자산 장부금액 = BS 무형자산 | B14: =IF(ABS(B8*1000-'BS'!B21)<5000,TRUE,B8*1000-'BS'!B21) | C14: → BS!B21

Sheet 16
A1: 16. 매입채무 및 기타지급채무 | J1: =HYPERLINK("#총괄표!A1","◀ 총괄표")
A3: 당기말과 전기말 현재 매입채무 및 기타지급채무의 내역은 다음과 같습니다.
B4: (단위: 천원)
A5: 구 분 | B5: 당기말 | C5: 전기말
A6: 매입채무 | B6: 4092019 | C6: 1080657
A7: 기타지급채무
A8: 미지급금 | B8: 1570167 | C8: 2333086
A9: 미지급비용 | B9: 339584 | C9: 322707
A10: 소 계 | B10: 1909751 | C10: 2655793
A11: 합 계 | B11: 6001770 | C11: 3736450
A12: └ 푸팅검증: 소 계(행 10) − 그룹합 | B12: =IF(ABS(B10-(SUM(B8:B9)))<1.5,TRUE,B10-(SUM(B8:B9))) | C12: =IF(ABS(C10-(SUM(C8:C9)))<1.5,TRUE,C10-(SUM(C8:C9)))
A13: └ 푸팅검증: 합 계(행 11) − 그룹합 | B13: =IF(ABS(B11-(B6+B10))<1.5,TRUE,B11-(B6+B10)) | C13: =IF(ABS(C11-(C6+C10))<1.5,TRUE,C11-(C6+C10))
A16: ■ 크로스 참조
A17: 주16 매입채무 = BS 매입채무 | B17: =IF(ABS(B6*1000-'BS'!B26)<5000,TRUE,B6*1000-'BS'!B26) | C17: → BS!B26
A18: 주16 기타지급채무 소계 = BS 기타지급채무 | B18: =IF(ABS(B10*1000-'BS'!B27)<5000,TRUE,B10*1000-'BS'!B27) | C18: → BS!B27

Sheet 17
A1: 17. 기타부채 | J1: =HYPERLINK("#총괄표!A1","◀ 총괄표")
A3: (1) 당기말과 전기말 현재 기타부채의 내역은 다음과 같습니다.
B4: (단위: 천원)
A5: 구 분 | B5: 당기말 | C5: 전기말
A6: 기타유동부채 | B6: 기타유동부채 | C6: 기타유동부채
A7: 선수금 | B7: 846363 | C7: 208983
A8: 예수금 | B8: 47493 | C8: 49721
A9: 부가세예수금 | B9: 0 | C9: 270059
A10: 복구충당부채 | B10: 20000 | C10: 0
A11: 소송충당부채 | B11: 377033 | C11: 0
A12: 소 계 | B12: 1290889 | C12: 528763
A13: 기타비유동부채 | B13: 기타비유동부채 | C13: 기타비유동부채
A14: 복구충당부채 | B14: 0 | C14: 20000
A15: 합 계 | B15: 1290889 | C15: 548763
A16: └ 푸팅검증: 소 계(행 12) − Σ(행) | B16: =IF(ABS(B12-(SUM(B7:B11)))<1.5,TRUE,B12-(SUM(B7:B11))) | C16: =IF(ABS(C12-(SUM(C7:C11)))<1.5,TRUE,C12-(SUM(C7:C11)))
A17: └ 푸팅검증: 합 계(행 15) − 직전 소계 + Σ(행) | B17: =IF(ABS(B15-(B12+SUM(B14:B14)))<1.5,TRUE,B15-(B12+SUM(B14:B14))) | C17: =IF(ABS(C15-(C12+SUM(C14:C14)))<1.5,TRUE,C15-(C12+SUM(C14:C14)))
A19: (2) 당기 중 충당부채에 대한 변동내역은 다음과 같습니다.<당기>
B20: (단위: 천원)
A21: 구 분 | B21: 기 초 | C21: 전 입 | D21: 대 체(*) | E21: 기 말 | F21: └ 행검증: 기말 − (기초 +전입 +대체(*))
A22: 유 동 | B22: 유 동 | C22: 유 동 | D22: 유 동 | E22: 유 동
A23: 복구충당부채 | B23: 0 | C23: 0 | D23: 20000 | E23: 20000 | F23: =IF(ABS(E23-(B23+C23+D23))<1.5,TRUE,E23-(B23+C23+D23))
A24: 소송충당부채 | B24: 0 | C24: 234911 | D24: 142122 | E24: 377033 | F24: =IF(ABS(E24-(B24+C24+D24))<1.5,TRUE,E24-(B24+C24+D24))
A25: 소 계 | B25: 0 | C25: 234911 | D25: 162122 | E25: 397033 | F25: =IF(ABS(E25-(B25+C25+D25))<1.5,TRUE,E25-(B25+C25+D25))
A26: 비유동 | B26: 비유동 | C26: 비유동 | D26: 비유동 | E26: 비유동
A27: 복구충당부채 | B27: 20000 | C27: 0 | D27: -20000 | E27: 0
A28: 합 계 | B28: 20000 | C28: 234911 | D28: 142122 | E28: 397033 | F28: =IF(ABS(E28-(B28+C28+D28))<1.5,TRUE,E28-(B28+C28+D28))
A29: └ 푸팅검증: 소 계(행 25) − Σ(행) | C29: =IF(ABS(C25-(SUM(C23:C24)))<1.5,TRUE,C25-(SUM(C23:C24))) | D29: =IF(ABS(D25-(SUM(D23:D24)))<1.5,TRUE,D25-(SUM(D23:D24))) | E29: =IF(ABS(E25-(SUM(E23:E24)))<1.5,TRUE,E25-(SUM(E23:E24)))
A30: └ 푸팅검증: 합 계(행 28) − 직전 소계 + Σ(행) | B30: =IF(ABS(B28-(B25+SUM(B27:B27)))<1.5,TRUE,B28-(B25+SUM(B27:B27))) | C30: =IF(ABS(C28-(C25+SUM(C27:C27)))<1.5,TRUE,C28-(C25+SUM(C27:C27))) | D30: =IF(ABS(D28-(D25+SUM(D27:D27)))<1.5,TRUE,D28-(D25+SUM(D27:D27))) | E30: =IF(ABS(E28-(E25+SUM(E27:E27)))<1.5,TRUE,E28-(E25+SUM(E27:E27)))
A32: (*) 당기 중 1심 판결이 선고된 소송과 관련하여, 일부 금액을 미지급금에서 소송충당부채로 재분류하였습니다.
A34: ■ 크로스 참조
A35: 주17 기타유동부채 소계 = BS 기타유동부채 | B35: =IF(ABS(B12*1000-'BS'!B29)<5000,TRUE,B12*1000-'BS'!B29) | C35: → BS!B29

Sheet 18
A1: 18. 종업원급여 | J1: =HYPERLINK("#총괄표!A1","◀ 총괄표")
A3: 18.1 확정급여제도(1) 당기말과 전기말 현재 재무상태표에 인식된 순확정급여자산 관련 자산과 부채의 금액은 다음과 같습니다.
B4: (단위: 천원)
A5: 구 분 | B5: 당기말 | C5: 전기말
A6: 확정급여채무 | B6: 2670233 | C6: 2652568
A7: 사외적립자산 공정가치 | B7: -2813142 | C7: -2802005
A8: 합 계(*) | B8: -142909 | C8: -149437
A9: └ 푸팅검증: 합 계(*)(행 8) − Σ(행) | B9: =IF(ABS(B8-(SUM(B6:B7)))<1.5,TRUE,B8-(SUM(B6:B7))) | C9: =IF(ABS(C8-(SUM(C6:C7)))<1.5,TRUE,C8-(SUM(C6:C7)))
A11: (*) 당기말과 전기말 현재 사외적립자산의 공정가치가 확정급여채무 금액을 초과하여 재무상태표상 순확정급여자산으로 계상하였습니다.
A12: (2) 당기와 전기 중 확정급여채무와 사외적립자산의 변동내역은 다음과 같습니다.
B13: (단위: 천원)
A14: 구 분 | B14: 확정급여채무 | C14: 확정급여채무 | D14: 사외적립자산 공정가치 | E14: 사외적립자산 공정가치 | F14: 순확정급여자산 | G14: 순확정급여자산
A15: 구 분 | B15: 당 기 | C15: 전 기 | D15: 당 기 | E15: 전 기 | F15: 당 기 | G15: 전 기
A16: 기초잔액 | B16: 2652568 | C16: 2339080 | D16: -2802005 | E16: -2423355 | F16: -149437 | G16: -84275
A17: 당기 비용으로 인식
A18: 당기근무원가 | B18: 288162 | C18: 265201 | D18: 0 | E18: 0 | F18: 288162 | G18: 265201
A19: 이자원가(수익) | B19: 92205 | C19: 94435 | D19: -97622 | E19: -97979 | F19: -5417 | G19: -3544
A20: 소 계 | B20: 380367 | C20: 359636 | D20: -97622 | E20: -97979 | F20: 282745 | G20: 261657
A21: 기타포괄손익으로 인식
A22: 재측정손실
A23: 재무적 가정 변동 | B23: -63117 | C23: 105543 | D23: 0 | E23: 0 | F23: -63117 | G23: 105543
A24: 경험적 조정 | B24: -31603 | C24: 2265 | D24: 0 | E24: 0 | F24: -31603 | G24: 2265
A25: 사외적립자산의 수익 | B25: 0 | C25: 0 | D25: 18503 | E25: 17443 | F25: 18503 | G25: 17443
A26: 소 계 | B26: -94720 | C26: 107808 | D26: 18503 | E26: 17443 | F26: -76217 | G26: 125251
A27: 기 타
A28: 급여 지급 | B28: -214740 | C28: -153956 | D28: 214740 | E28: 151886 | F28: 0 | G28: -2070
A29: 관계사간 전출 | B29: -53242 | C29: 0 | D29: 53242 | E29: 0 | F29: 0 | G29: 0
A30: 납부한 기여금 | B30: 0 | C30: 0 | D30: -200000 | E30: -450000 | F30: -200000 | G30: -450000
A31: 소 계 | B31: -267982 | C31: -153956 | D31: 67982 | E31: -298114 | F31: -200000 | G31: -452070
A32: 기말잔액 | B32: 2670233 | C32: 2652568 | D32: -2813142 | E32: -2802005 | F32: -142909 | G32: -149437
A33: └ 푸팅검증: 소 계(행 20) − 그룹합 | B33: =IF(ABS(B20-(SUM(B18:B19)))<1.5,TRUE,B20-(SUM(B18:B19))) | C33: =IF(ABS(C20-(SUM(C18:C19)))<1.5,TRUE,C20-(SUM(C18:C19))) | D33: =IF(ABS(D20-(SUM(D18:D19)))<1.5,TRUE,D20-(SUM(D18:D19))) | E33: =IF(ABS(E20-(SUM(E18:E19)))<1.5,TRUE,E20-(SUM(E18:E19))) | F33: =IF(ABS(F20-(SUM(F18:F19)))<1.5,TRUE,F20-(SUM(F18:F19))) | G33: =IF(ABS(G20-(SUM(G18:G19)))<1.5,TRUE,G20-(SUM(G18:G19)))
A34: └ 푸팅검증: 소 계(행 26) − Σ(행) | B34: =IF(ABS(B26-(SUM(B23:B25)))<1.5,TRUE,B26-(SUM(B23:B25))) | C34: =IF(ABS(C26-(SUM(C23:C25)))<1.5,TRUE,C26-(SUM(C23:C25))) | D34: =IF(ABS(D26-(SUM(D23:D25)))<1.5,TRUE,D26-(SUM(D23:D25))) | E34: =IF(ABS(E26-(SUM(E23:E25)))<1.5,TRUE,E26-(SUM(E23:E25))) | F34: =IF(ABS(F26-(SUM(F23:F25)))<1.5,TRUE,F26-(SUM(F23:F25))) | G34: =IF(ABS(G26-(SUM(G23:G25)))<1.5,TRUE,G26-(SUM(G23:G25)))
A35: └ 푸팅검증: 소 계(행 31) − Σ(행) | B35: =IF(ABS(B31-(SUM(B28:B30)))<1.5,TRUE,B31-(SUM(B28:B30))) | C35: =IF(ABS(C31-(SUM(C28:C30)))<1.5,TRUE,C31-(SUM(C28:C30))) | D35: =IF(ABS(D31-(SUM(D28:D30)))<1.5,TRUE,D31-(SUM(D28:D30))) | E35: =IF(ABS(E31-(SUM(E28:E30)))<1.5,TRUE,E31-(SUM(E28:E30))) | F35: =IF(ABS(F31-(SUM(F28:F30)))<1.5,TRUE,F31-(SUM(F28:F30))) | G35: =IF(ABS(G31-(SUM(G28:G30)))<1.5,TRUE,G31-(SUM(G28:G30)))
A37: (3) 당기와 전기 중 발생한 퇴직급여의 배부내역은 다음과 같습니다.
B38: (단위: 천원)
A39: 구 분 | B39: 당 기 | C39: 전 기
A40: 매출원가 | B40: 142599 | C40: 133128
A41: 판매비와관리비 | B41: 140146 | C41: 128529
A42: 합 계 | B42: 282745 | C42: 261657
A43: └ 푸팅검증: 합 계(행 42) − Σ(행) | B43: =IF(ABS(B42-(SUM(B40:B41)))<1.5,TRUE,B42-(SUM(B40:B41))) | C43: =IF(ABS(C42-(SUM(C40:C41)))<1.5,TRUE,C42-(SUM(C40:C41)))
A45: (4) 당기말과 전기말 현재 사외적립자산은 다음의 자산으로 구성되어 있습니다.
B46: (단위: 천원)
A47: 구 분 | B47: 당기말 | C47: 전기말
A48: 정기예금 등 | B48: 2813142 | C48: 2802005
A50: (5) 당기말과 전기말 현재 주요 보험수리적 가정은 다음과 같습니다.
A51: 구 분 | B51: 당기말 | C51: 전기말
A52: 할인율 | B52: 3.98% | C52: 3.63%
A53: 미래임금상승률 | B53: 5.02% | C53: 5.02%
A55: (6) 당기말과 전기말 현재 주요 보험수리적 가정이 변동한다면 확정급여채무에 미치게 될 영향은 다음과 같습니다.<당기말>
B56: (단위: 천원)
A57: 구 분 | B57: 1% 증가시 | C57: 1% 감소시
A58: 할인율 | B58: -166580 | C58: 189150
A59: 미래임금상승률 | B59: 185507 | C59: -166693
A61: <전기말>
B62: (단위: 천원)
A63: 구 분 | B63: 1% 증가시 | C63: 1% 감소시
A64: 할인율 | B64: -178003 | C64: 202214
A65: 미래임금상승률 | B65: 197599 | C65: -177553
A67: 상기의 민감도 분석은 다른 가정은 일정하다는 가정하에 산정됐습니다. 주요 보험수리적가정의 변동에 대한 확정급여채무의 민감도는 재무상태표에 인식된 확정급여채무 산정 시 사용한 예측단위접근법과 동일한 방법을 사용하여 산정됐습니다.
A68: 민감도 분석에 사용된 방법 및 가정은 전기와 동일합니다.
A69: (7) 미래 현금흐름에 대한 확정급여제도의 영향확정급여채무의 가중평균만기는 6.90년(전기말: 7.40년)입니다. 당기말과 전기말 현재 할인되지 않은 급여지급액의 만기분석은 아래와 같습니다.<당기말>
B70: (단위: 천원)
A71: 구 분 | B71: 1년 미만 | C71: 1~2년 미만 | D71: 2~5년 미만 | E71: 5~10년 미만 | F71: 10년 이상 | G71: 합 계
A72: 급여지급액 | B72: 249994 | C72: 280886 | D72: 1126004 | E72: 1690457 | F72: 4368217 | G72: 7715558
A74: <전기말>
B75: (단위: 천원)
A76: 구 분 | B76: 1년 미만 | C76: 1~2년 미만 | D76: 2~5년 미만 | E76: 5~10년 미만 | F76: 10년 이상 | G76: 합 계
A77: 급여지급액 | B77: 217770 | C77: 245871 | D77: 1077558 | E77: 1813029 | F77: 4482732 | G77: 7836960
A79: 18.2. 기타장단기 종업원급여부채단기종업원급여부채는 12월 급여미지급액 및 연차유급휴가제도에 따라 당기 제공받은 근무용역에 대해 인식한 금액으로 구성되어 있습니다. 장기종업원급여부채는 장기근속종업원에게 근속기간에 따라 지급할 대가로 예상되는 금액입니다.
B80: (단위: 천원)
A81: 구 분 | B81: 당기말 | C81: 전기말
A82: 단기종업원급여부채 | B82: 262318 | C82: 270527
A83: 장기종업원급여부채 | B83: 167647 | C83: 126096
A84: 합 계 | B84: 429965 | C84: 396623
A85: └ 푸팅검증: 합 계(행 84) − Σ(행) | B85: =IF(ABS(B84-(SUM(B82:B83)))<1.5,TRUE,B84-(SUM(B82:B83))) | C85: =IF(ABS(C84-(SUM(C82:C83)))<1.5,TRUE,C84-(SUM(C82:C83)))

Sheet 19
A1: 19. 법인세비용 | J1: =HYPERLINK("#총괄표!A1","◀ 총괄표")
A3: (1) 당기와 전기의 법인세비용의 구성내역은 다음과 같습니다.
B4: (단위: 천원)
A5: 구 분 | B5: 당 기 | C5: 전 기
A6: 당기 법인세 부담액 | B6: 653767 | C6: 434500
A7: 과거기간의 당기법인세에 대하여 당기에 인식한 조정액 | B7: -222499 | C7: 10398
A8: 일시적차이로 인한 이연법인세 변동액 | B8: -196154 | C8: -21592
A9: 법인세비용 | B9: 235114 | C9: 423306
A11: (2) 당기와 전기 중 기타포괄손익으로 인식되는 항목과 관련된 법인세는 다음과 같습니다.
B12: (단위: 천원)
A13: 구 분 | B13: 당 기 | C13: 당 기 | D13: 당 기 | E13: 전 기 | F13: 전 기 | G13: 전 기
A14: 구 분 | B14: 세전금액 | C14: 법인세효과 | D14: 세후금액 | E14: 세전금액 | F14: 법인세효과 | G14: 세후금액
A15: 기타포괄손익-공정가치 측정 지분상품 평가손익 | B15: 419571 | C15: -76457 | D15: 343114 | E15: -397060 | F15: 82986 | G15: -314074
A16: 순확정급여제도의 재측정요소 | B16: 76217 | C16: -16768 | D16: 59449 | E16: -125251 | F16: 26177 | G16: -99074
A17: 합 계 | B17: 495788 | C17: -93225 | D17: 402563 | E17: -522311 | F17: 109163 | G17: -413148
A18: └ 푸팅검증: 합 계(행 17) − Σ(행) | B18: =IF(ABS(B17-(SUM(B15:B16)))<1.5,TRUE,B17-(SUM(B15:B16))) | C18: =IF(ABS(C17-(SUM(C15:C16)))<1.5,TRUE,C17-(SUM(C15:C16))) | D18: =IF(ABS(D17-(SUM(D15:D16)))<1.5,TRUE,D17-(SUM(D15:D16))) | E18: =IF(ABS(E17-(SUM(E15:E16)))<1.5,TRUE,E17-(SUM(E15:E16))) | F18: =IF(ABS(F17-(SUM(F15:F16)))<1.5,TRUE,F17-(SUM(F15:F16))) | G18: =IF(ABS(G17-(SUM(G15:G16)))<1.5,TRUE,G17-(SUM(G15:G16)))
A20: (3) 당기와 전기의 법인세비용차감전순이익과 법인세비용간의 관계는 다음과 같습니다.
B21: (단위: 천원)
A22: 구 분 | B22: 당 기 | C22: 전 기
A23: 법인세비용차감전순이익 | B23: 2762564 | C23: 2422480
A24: 법인세율로 계산된 법인세비용 | B24: 555376 | C24: 484298
A25: 법인세 효과:
A26: 세무상 과세되지 않는 수익 | B26: -2732 | C26: -1591
A27: 세무상 차감되지 않는 비용 | B27: 21114 | C27: 21076
A28: 세액공제 | B28: -94558 | C28: -90875
A29: 세율변동효과 | B29: -21587 | C29: 0
A30: 과거기간의 당기법인세에 대하여 당기에 인식한 조정액 | B30: -222499 | C30: 10398
A31: 법인세비용 | B31: 235114 | C31: 423306
A32: 유효세율 | B32: 8.51% | C32: 17.47%
A34: (4) 이연법인세자산(부채)의 회수 및 결제 시기는 다음과 같습니다.
B35: (단위: 천원)
A36: 구 분 | B36: 당 기 | C36: 전 기
A37: 이연법인세자산
A38: 12개월 후에 회수될 이연법인세자산 | B38: 801878 | C38: 690164
A39: 12개월 이내에 회수될 이연법인세자산 | B39: 573393 | C39: 550827
A40: 소 계 | B40: 1375271 | C40: 1240991
A41: 이연법인세부채
A42: 12개월 후에 회수될 이연법인세부채 | B42: -650214 | C42: -614609
A43: 12개월 이내에 회수될 이연법인세부채 | B43: -85439 | C43: -89693
A44: 소 계 | B44: -735653 | C44: -704302
A45: 이연법인세순액 | B45: 639618 | C45: 536689
A46: └ 푸팅검증: 소 계(행 40) − Σ(행) | B46: =IF(ABS(B40-(SUM(B38:B39)))<1.5,TRUE,B40-(SUM(B38:B39))) | C46: =IF(ABS(C40-(SUM(C38:C39)))<1.5,TRUE,C40-(SUM(C38:C39)))
A47: └ 푸팅검증: 소 계(행 44) − Σ(행) | B47: =IF(ABS(B44-(SUM(B42:B43)))<1.5,TRUE,B44-(SUM(B42:B43))) | C47: =IF(ABS(C44-(SUM(C42:C43)))<1.5,TRUE,C44-(SUM(C42:C43)))
A49: (5) 당기말과 전기말 현재 이연법인세자산(부채)의 원천 및 변동내역은 다음과 같습니다.
A50: <당기말>
B51: (단위: 천원)
A52: 구 분 | B52: 당기초잔액 | C52: 당기손익 | D52: 기타포괄손익 | E52: 당기말잔액 | F52: └ 행검증: 당기말잔액 − (당기초잔액 +당기손익 +기타포괄손익)
A53: 이연법인세자산
A54: 퇴직급여충당부채 | B54: 554387 | C54: 49832 | D54: -16768 | E54: 587451 | F54: =IF(ABS(E54-(B54+C54+D54))<1.5,TRUE,E54-(B54+C54+D54))
A55: 복구충당부채 | B55: 4180 | C55: 220 | D55: 0 | E55: 4400 | F55: =IF(ABS(E55-(B55+C55+D55))<1.5,TRUE,E55-(B55+C55+D55))
A56: 소송충당부채 | B56: 0 | C56: 51680 | D56: 0 | E56: 51680 | F56: =IF(ABS(E56-(B56+C56+D56))<1.5,TRUE,E56-(B56+C56+D56))
A57: 당기손익-공정가치 측정 금융자산 | B57: 0 | C57: 21346 | D57: 0 | E57: 21346 | F57: =IF(ABS(E57-(B57+C57+D57))<1.5,TRUE,E57-(B57+C57+D57))
A58: 기타포괄손익-공정가치 측정 금융자산 | B58: 291132 | C58: 9989 | D58: -76457 | E58: 224664 | F58: =IF(ABS(E58-(B58+C58+D58))<1.5,TRUE,E58-(B58+C58+D58))
A59: 미지급비용 | B59: 29376 | C59: 404 | D59: 0 | E59: 29780 | F59: =IF(ABS(E59-(B59+C59+D59))<1.5,TRUE,E59-(B59+C59+D59))
A60: 기타장기종업원급여 | B60: 26354 | C60: 10528 | D60: 0 | E60: 36882 | F60: =IF(ABS(E60-(B60+C60+D60))<1.5,TRUE,E60-(B60+C60+D60))
A61: 대손충당금 | B61: 106620 | C61: -875 | D61: 0 | E61: 105745 | F61: =IF(ABS(E61-(B61+C61+D61))<1.5,TRUE,E61-(B61+C61+D61))
A62: 무형자산손상차손 | B62: 60164 | C62: 3167 | D62: 0 | E62: 63331 | F62: =IF(ABS(E62-(B62+C62+D62))<1.5,TRUE,E62-(B62+C62+D62))
A63: 감가상각비 | B63: 31241 | C63: 41411 | D63: 0 | E63: 72652 | F63: =IF(ABS(E63-(B63+C63+D63))<1.5,TRUE,E63-(B63+C63+D63))
A64: 리스부채 | B64: 61924 | C64: -35681 | D64: 0 | E64: 26243 | F64: =IF(ABS(E64-(B64+C64+D64))<1.5,TRUE,E64-(B64+C64+D64))
A65: 재고자산충당금 | B65: 75613 | C65: 75484 | D65: 0 | E65: 151097 | F65: =IF(ABS(E65-(B65+C65+D65))<1.5,TRUE,E65-(B65+C65+D65))
A66: 소 계 | B66: 1240991 | C66: 227505 | D66: -93225 | E66: 1375271 | F66: =IF(ABS(E66-(B66+C66+D66))<1.5,TRUE,E66-(B66+C66+D66))
A67: 이연법인세부채
A68: 퇴직보험예치금 | B68: -585619 | C68: -33272 | D68: 0 | E68: -618891 | F68: =IF(ABS(E68-(B68+C68+D68))<1.5,TRUE,E68-(B68+C68+D68))
A69: 미수수익 | B69: -9746 | C69: 9243 | D69: 0 | E69: -503 | F69: =IF(ABS(E69-(B69+C69+D69))<1.5,TRUE,E69-(B69+C69+D69))
A70: 당기손익-공정가치 측정 금융자산 | B70: -28990 | C70: -3114 | D70: 0 | E70: -32104 | F70: =IF(ABS(E70-(B70+C70+D70))<1.5,TRUE,E70-(B70+C70+D70))
A71: 사용권자산 | B71: -79947 | C71: -4208 | D71: 0 | E71: -84155 | F71: =IF(ABS(E71-(B71+C71+D71))<1.5,TRUE,E71-(B71+C71+D71))
A72: 소 계 | B72: -704302 | C72: -31351 | D72: 0 | E72: -735653 | F72: =IF(ABS(E72-(B72+C72+D72))<1.5,TRUE,E72-(B72+C72+D72))
A73: 순 액 | B73: 536689 | C73: 196154 | D73: -93225 | E73: 639618 | F73: =IF(ABS(E73-(B73+C73+D73))<1.5,TRUE,E73-(B73+C73+D73))
A74: └ 푸팅검증: 소 계(행 66) − Σ(행) | B74: =IF(ABS(B66-(SUM(B54:B65)))<1.5,TRUE,B66-(SUM(B54:B65))) | C74: =IF(ABS(C66-(SUM(C54:C65)))<1.5,TRUE,C66-(SUM(C54:C65))) | D74: =IF(ABS(D66-(SUM(D54:D65)))<1.5,TRUE,D66-(SUM(D54:D65))) | E74: =IF(ABS(E66-(SUM(E54:E65)))<1.5,TRUE,E66-(SUM(E54:E65)))
A75: └ 푸팅검증: 소 계(행 72) − Σ(행) | B75: =IF(ABS(B72-(SUM(B68:B71)))<1.5,TRUE,B72-(SUM(B68:B71))) | C75: =IF(ABS(C72-(SUM(C68:C71)))<1.5,TRUE,C72-(SUM(C68:C71))) | E75: =IF(ABS(E72-(SUM(E68:E71)))<1.5,TRUE,E72-(SUM(E68:E71)))
A77: <전기말>
B78: (단위: 천원)
A79: 구 분 | B79: 전기초잔액 | C79: 당기손익 | D79: 기타포괄손익 | E79: 전기말잔액 | F79: └ 행검증: 전기말잔액 − (전기초잔액 +당기손익 +기타포괄손익)
A80: 이연법인세자산
A81: 퇴직급여충당부채 | B81: 488868 | C81: 39342 | D81: 26177 | E81: 554387 | F81: =IF(ABS(E81-(B81+C81+D81))<1.5,TRUE,E81-(B81+C81+D81))
A82: 복구충당부채 | B82: 4180 | C82: 0 | D82: 0 | E82: 4180 | F82: =IF(ABS(E82-(B82+C82+D82))<1.5,TRUE,E82-(B82+C82+D82))
A83: 기타포괄손익-공정가치 측정 금융자산 | B83: 201814 | C83: 6332 | D83: 82986 | E83: 291132 | F83: =IF(ABS(E83-(B83+C83+D83))<1.5,TRUE,E83-(B83+C83+D83))
A84: 미지급비용 | B84: 27921 | C84: 1455 | D84: 0 | E84: 29376 | F84: =IF(ABS(E84-(B84+C84+D84))<1.5,TRUE,E84-(B84+C84+D84))
A85: 기타장기종업원급여 | B85: 20877 | C85: 5477 | D85: 0 | E85: 26354 | F85: =IF(ABS(E85-(B85+C85+D85))<1.5,TRUE,E85-(B85+C85+D85))
A86: 대손충당금 | B86: 75339 | C86: 31281 | D86: 0 | E86: 106620 | F86: =IF(ABS(E86-(B86+C86+D86))<1.5,TRUE,E86-(B86+C86+D86))
A87: 무형자산손상차손 | B87: 110324 | C87: -50160 | D87: 0 | E87: 60164 | F87: =IF(ABS(E87-(B87+C87+D87))<1.5,TRUE,E87-(B87+C87+D87))
A88: 감가상각비 | B88: 59487 | C88: -28246 | D88: 0 | E88: 31241 | F88: =IF(ABS(E88-(B88+C88+D88))<1.5,TRUE,E88-(B88+C88+D88))
A89: 리스부채 | B89: 30743 | C89: 31181 | D89: 0 | E89: 61924 | F89: =IF(ABS(E89-(B89+C89+D89))<1.5,TRUE,E89-(B89+C89+D89))
A90: 재고자산충당금 | B90: 0 | C90: 75613 | D90: 0 | E90: 75613 | F90: =IF(ABS(E90-(B90+C90+D90))<1.5,TRUE,E90-(B90+C90+D90))
A91: 소 계 | B91: 1019553 | C91: 112275 | D91: 109163 | E91: 1240991 | F91: =IF(ABS(E91-(B91+C91+D91))<1.5,TRUE,E91-(B91+C91+D91))
A92: 이연법인세부채
A93: 퇴직보험예치금 | B93: -506482 | C93: -79137 | D93: 0 | E93: -585619 | F93: =IF(ABS(E93-(B93+C93+D93))<1.5,TRUE,E93-(B93+C93+D93))
A94: 미수수익 | B94: -1789 | C94: -7957 | D94: 0 | E94: -9746 | F94: =IF(ABS(E94-(B94+C94+D94))<1.5,TRUE,E94-(B94+C94+D94))
A95: 당기손익-공정가치 측정 금융자산 | B95: -26118 | C95: -2872 | D95: 0 | E95: -28990 | F95: =IF(ABS(E95-(B95+C95+D95))<1.5,TRUE,E95-(B95+C95+D95))
A96: 사용권자산 | B96: -79230 | C96: -717 | D96: 0 | E96: -79947 | F96: =IF(ABS(E96-(B96+C96+D96))<1.5,TRUE,E96-(B96+C96+D96))
A97: 소 계 | B97: -613619 | C97: -90683 | D97: 0 | E97: -704302 | F97: =IF(ABS(E97-(B97+C97+D97))<1.5,TRUE,E97-(B97+C97+D97))
A98: 순 액 | B98: 405934 | C98: 21592 | D98: 109163 | E98: 536689 | F98: =IF(ABS(E98-(B98+C98+D98))<1.5,TRUE,E98-(B98+C98+D98))
A99: └ 푸팅검증: 소 계(행 91) − Σ(행) | B99: =IF(ABS(B91-(SUM(B81:B90)))<1.5,TRUE,B91-(SUM(B81:B90))) | C99: =IF(ABS(C91-(SUM(C81:C90)))<1.5,TRUE,C91-(SUM(C81:C90))) | D99: =IF(ABS(D91-(SUM(D81:D90)))<1.5,TRUE,D91-(SUM(D81:D90))) | E99: =IF(ABS(E91-(SUM(E81:E90)))<1.5,TRUE,E91-(SUM(E81:E90)))
A100: └ 푸팅검증: 소 계(행 97) − Σ(행) | B100: =IF(ABS(B97-(SUM(B93:B96)))<1.5,TRUE,B97-(SUM(B93:B96))) | C100: =IF(ABS(C97-(SUM(C93:C96)))<1.5,TRUE,C97-(SUM(C93:C96))) | E100: =IF(ABS(E97-(SUM(E93:E96)))<1.5,TRUE,E97-(SUM(E93:E96)))
A102: (6) 보고기간 종료일 현재 누적일시적차이의 법인세효과는 당해 일시적차이가 소멸되는 회계연도의 미래 예상세율을 적용하여 계산하였으며, 2025년 12월 31일 이후 실현될 것으로 예상되는 이연법인세는 22.0%(전기말: 20.9%)를 적용하여 산정하였습니다.(7) 보고기간 종료일 현재 당사는 유형자산손상과 관련한 차감할 일시적 차이 649,907천원(전기말: 649,907천원)에 대하여는 관련된 일시적 차이의 소멸시점을 예측할 수 없어 이연법인세자산을 인식하지 아니하였습니다.
A104: ■ 크로스 참조
A105: 주19 법인세비용 = PL 법인세비용 | B105: =IF(ABS(B9*1000-'PL'!B16)<5000,TRUE,B9*1000-'PL'!B16) | C105: → PL!B16

Sheet 20
A1: 20. 자본금 | J1: =HYPERLINK("#총괄표!A1","◀ 총괄표")
A3: 당사가 발행할 주식의 총수, 발행한 주식의 수 및 1주당 금액은 각각 38,400,000주, 12,000,000주 및 500원입니다. 당기와 전기 중 자본금의 변동사항은 발생하지 않았습니다.

Sheet 21
A1: 21. 자본잉여금 | J1: =HYPERLINK("#총괄표!A1","◀ 총괄표")
A3: 당기말과 전기말 현재 자본잉여금의 내역은 다음과 같습니다.
B4: (단위: 천원)
A5: 구 분 | B5: 당기말 | C5: 전기말
A6: 주식발행초과금 | B6: 2385104 | C6: 2385104
A7: 기타자본잉여금 | B7: 27404 | C7: 27404
A8: 합 계 | B8: 2412508 | C8: 2412508
A9: └ 푸팅검증: 합 계(행 8) − Σ(행) | B9: =IF(ABS(B8-(SUM(B6:B7)))<1.5,TRUE,B8-(SUM(B6:B7))) | C9: =IF(ABS(C8-(SUM(C6:C7)))<1.5,TRUE,C8-(SUM(C6:C7)))
A12: ■ 크로스 참조
A13: 주21 자본잉여금 합계 = BS 자본잉여금 | B13: =IF(ABS(B8*1000-'BS'!B38)<5000,TRUE,B8*1000-'BS'!B38) | C13: → BS!B38

Sheet 22
A1: 22. 주식기준보상 | J1: =HYPERLINK("#총괄표!A1","◀ 총괄표")
A3: 당사는 당사의 임원에 대한 주식기준보상제도를 시행하고 있습니다. 임원에게 부여된 주식선택권은 행사시점에 당사의 주식으로 전환됩니다.(1) 당기말 현재 주식선택권의 주요 사항은 다음과 같습니다.
A4: 구 분 | B4: 3차 | C4: 4차
A5: 권리부여일 | B5: 2022년 03월 29일 | C5: 2024년 03월 26일
A6: 부여주식수 | B6: 35000 | C6: 30000
A7: 행사주식수 | B7: 0 | C7: 0
A8: 소멸주식수 | B8: 0 | C8: 0
A9: 잔여주식수 | B9: 35000 | C9: 30000
A10: 발행할 주식의 종류 | B10: 기명식 보통주식 | C10: 기명식 보통주식
A11: 부여방법 | B11: 보통주 신주발행, 자기주식교부 | C11: 보통주 신주발행, 자기주식교부
A12: 행사가격 | B12: 7254 | C12: 7955
A13: 행사가능기간 | B13: 2025년 03월 29일~2027년 03월 28일 | C13: 2027년 03월 26일~2029년 03월 25일
A14: 가득조건 | B14: 용역제공조건: 부여일로부터 3년 | C14: 용역제공조건: 부여일로부터 3년
A16: (2) 당기말과 전기말 현재 주식선택권 수량의 변동내역은 다음과 같습니다.
B17: (단위: 주)
A18: 구 분 | B18: 당기말 | C18: 전기말
A19: 기초 잔여주 | B19: 65000 | C19: 35000
A20: 기중 부여수량 | B20: 0 | C20: 30000
A21: 기말 잔여주 | B21: 65000 | C21: 65000
A23: 상기의 주식선택권으로 인해 당기 중 비용으로 인식한 주식보상비용은 32,380천원이며(전기: 24,928천원), 총 인식할 주식보상비용은 97,140천원입니다.(3) 상기 주식선택권은 옵션가격결정모형을 이용한 공정가액접근법을 적용하여 보상원가를 산정하였는 바, 이에 적용된 주요 가정은 다음과 같습니다.
A24: 구 분 | B24: 3차 | C24: 4차
A25: 적용모형 | B25: 이항모형 | C25: 이항모형
A26: 무위험이자율 | B26: 2.80% | C26: 3.32%
A27: 기대행사기간 | B27: 4년 | C27: 4년
A28: 기대배당수익률 | B28: 3.63% | C28: 3.28%
A29: 기대주가변동성 | B29: 58.90% | C29: 65.58%
A30: 주당공정가치 | B30: 3040 | C30: 3238

Sheet 23
A1: 23. 기타포괄손익누계액 및 기타자본항목 | J1: =HYPERLINK("#총괄표!A1","◀ 총괄표")
A3: (1) 당기말과 전기말 현재 기타포괄손익누계액의 내역은 다음과 같습니다.
B4: (단위: 천원)
A5: 구 분 | B5: 당기말 | C5: 전기말
A6: 기타포괄손익-공정가치 측정 지분상품 평가손익 | B6: -796533 | C6: -1101843
A8: (2) 당기와 전기 중 기타포괄손익-공정가치 측정 금융자산 평가손익의 변동내역은 다음과 같습니다.
B9: (단위: 천원)
A10: 구 분 | B10: 당 기 | C10: 전 기
A11: 기 초 | B11: -1101843 | C11: -763803
A12: 평 가 | B12: 343114 | C12: -314074
A13: 처 분 | B13: -37804 | C13: -23966
A14: 기 말 | B14: -796533 | C14: -1101843
A15: └ 푸팅검증: 기 말(행 14) − Σ(행) | B15: =IF(ABS(B14-(SUM(B11:B13)))<1.5,TRUE,B14-(SUM(B11:B13))) | C15: =IF(ABS(C14-(SUM(C11:C13)))<1.5,TRUE,C14-(SUM(C11:C13)))
A17: 상기 기타포괄손익누계액의 증감은 법인세 효과가 차감된 후의 금액입니다.당사는 특정지분상품의 공정가치를 기타포괄손익으로 인식하도록 지정하였습니다. 이러한 공정가치 변동은 자본 내에서 기타포괄손익-공정가치 측정 금융자산 잉여금으로 누적됩니다. 당사는 관련 지분상품을 제거하는 시점에서 이러한 잉여금을 이익잉여금으로 대체합니다.
A18: (3) 당기말과 전기말 현재 기타자본구성요소의 내역은 다음과 같습니다.
B19: (단위: 천원)
A20: 구 분 | B20: 당기말 | C20: 전기말
A21: 자기주식처분손실 | B21: -277615 | C21: -277615
A22: 주식매수선택권 | B22: 163708 | C22: 131328
A23: 합 계 | B23: -113907 | C23: -146287
A24: └ 푸팅검증: 합 계(행 23) − Σ(행) | B24: =IF(ABS(B23-(SUM(B21:B22)))<1.5,TRUE,B23-(SUM(B21:B22))) | C24: =IF(ABS(C23-(SUM(C21:C22)))<1.5,TRUE,C23-(SUM(C21:C22)))

Sheet 24
A1: 24. 이익잉여금 | J1: =HYPERLINK("#총괄표!A1","◀ 총괄표")
A3: (1) 당기말과 전기말 현재 이익잉여금의 내역은 다음과 같습니다.
B4: (단위: 천원)
A5: 구 분 | B5: 당기말 | C5: 전기말
A6: 법정적립금(*) | B6: 2848800 | C6: 2632800
A7: 미처분이익잉여금 | B7: 9329846 | C7: 9081143
A8: 합 계 | B8: 12178646 | C8: 11713943
A9: └ 푸팅검증: 합 계(행 8) − Σ(행) | B9: =IF(ABS(B8-(SUM(B6:B7)))<1.5,TRUE,B8-(SUM(B6:B7))) | C9: =IF(ABS(C8-(SUM(C6:C7)))<1.5,TRUE,C8-(SUM(C6:C7)))
A11: (*) 법정적립금은 이익준비금으로서 상법 상 자본금의 50%에 달할 때까지 매 결산기에 금전에 의한 이익배당액의 10% 이상을 이익준비금으로 적립하도록 규정되어 있으며, 당사는 이를 법정적립금으로 구분하고 있습니다. 동 이익준비금은 현금으로 배당할 수 없으며, 주주총회의 결의에 의하여 이월결손금 보전과 자본전입에만 사용될 수 있습니다.
A12: (2) 이익잉여금처분계산서
B13: (단위: 천원)
A14: 구 분 | B14: 당 기 (처분예정일: 2026년 3월 26일) | C14: 당 기 (처분예정일: 2026년 3월 26일) | D14: 전 기 (처분확정일: 2025년 3월 26일) | E14: 전 기 (처분확정일: 2025년 3월 26일)
A15: Ⅰ.미처분이익잉여금 | C15: 9329846 | E15: 9081143
A16: 1.전기이월미처분이익잉여금 | B16: 6705143 | D16: 7157075
A17: 2.당기순이익 | B17: 2527450 | D17: 1999175
A18: 3.확정급여제도의 재측정요소 | B18: 59449 | D18: -99073
A19: 4.기타포괄손익-공정가치 측정 지분상품 처분에 따른 대체 | B19: 37804 | D19: 23966
A20: Ⅱ.이익잉여금처분액 | C20: -2376000 | E20: -2376000
A21: 1.이익준비금 | B21: 216000 | D21: 216000
A22: 2.배당금 주당배당금(률) 당기 : 180원(36%) 전기 : 180원(36%) | B22: 2160000 | D22: 2160000
A23: Ⅲ.차기이월미처분이익잉여금 | C23: 6953846 | E23: 6705143
A26: ■ 크로스 참조
A27: 주24 이익잉여금 합계 = BS 이익잉여금 | B27: =IF(ABS(B8*1000-'BS'!B41)<5000,TRUE,B8*1000-'BS'!B41) | C27: → BS!B41

Sheet 25
A1: 25. 고객과의 계약에서 생기는 수익 및 관련 계약자산과 계약부채 | J1: =HYPERLINK("#총괄표!A1","◀ 총괄표")
A3: (1) 당사는 수익과 관련해 손익계산서에 다음 금액을 인식하였습니다.
B4: (단위: 천원)
A5: 구 분 | B5: 당 기 | C5: 전 기
A6: 고객과의 계약에서 생기는 수익 | B6: 24841987 | C6: 29528255
A7: 기타 원천으로부터의 수익: 임대료 수익 | B7: 21495 | C7: 11100
A8: 합 계 | B8: 24863482 | C8: 29539355
A9: └ 푸팅검증: 합 계(행 8) − Σ(행) | B9: =IF(ABS(B8-(SUM(B6:B7)))<1.5,TRUE,B8-(SUM(B6:B7))) | C9: =IF(ABS(C8-(SUM(C6:C7)))<1.5,TRUE,C8-(SUM(C6:C7)))
A11: (2) 당기와 전기의 고객과의 계약에서 생기는 수익은 다음과 같습니다.
B12: (단위: 천원)
A13: 구 분 | B13: 당 기 | C13: 전 기
A14: 한 시점에 이행 | B14: 한 시점에 이행 | C14: 한 시점에 이행
A15: 상품매출 | B15: 9997623 | C15: 13595193
A16: 용역매출 | B16: 487339 | C16: 1777237
A17: 기타매출 | B17: 79698 | C17: 70467
A18: 소 계 | B18: 10564660 | C18: 15442897
A19: 기간에 걸쳐 이행 | B19: 기간에 걸쳐 이행 | C19: 기간에 걸쳐 이행
A20: 용역매출 | B20: 14232825 | C20: 13998330
A21: 기타매출 | B21: 44502 | C21: 87028
A22: 소 계 | B22: 14277327 | C22: 14085358
A23: 합 계 | B23: 24841987 | C23: 29528255
A24: └ 푸팅검증: 소 계(행 18) − Σ(행) | B24: =IF(ABS(B18-(SUM(B15:B17)))<1.5,TRUE,B18-(SUM(B15:B17))) | C24: =IF(ABS(C18-(SUM(C15:C17)))<1.5,TRUE,C18-(SUM(C15:C17)))
A25: └ 푸팅검증: 소 계(행 22) − Σ(행) | B25: =IF(ABS(B22-(SUM(B20:B21)))<1.5,TRUE,B22-(SUM(B20:B21))) | C25: =IF(ABS(C22-(SUM(C20:C21)))<1.5,TRUE,C22-(SUM(C20:C21)))
A26: └ 푸팅검증: 합 계(행 23) − Σ소계 | B26: =IF(ABS(B23-(B18+B22))<1.5,TRUE,B23-(B18+B22)) | C26: =IF(ABS(C23-(C18+C22))<1.5,TRUE,C23-(C18+C22))
A28: (3) 고객과의 계약과 관련하여 당기말과 전기말 현재 계약자산과 계약부채는 다음과 같습니다.
B29: (단위: 천원)
A30: 구 분 | B30: 당기말 | C30: 전기말
A31: 계약자산(*) | B31: 644343 | C31: 657455
A32: 계약부채 | B32: 846363 | C32: 208983
A34: (*) 재무상태표의 매출채권 계정에 포함되어 있습니다.
A35: 계약부채는 한시점 또는 기간에 걸쳐 이행하는 수행의무 관련한 고객에게 선수취한 금액입니다. 전기말 인식된 계약부채 208,983천원(전전기말: 2,759,041천원) 중 187,724천원(2,753,217천원)은 당기(전기) 중 수익으로 인식되었습니다.또한 당기말과 전기말 현재 계약이행원가는 3,221,203천원과 1,787,483천원으로 기타자산에 포함되어 있습니다.
A37: ■ 크로스 참조
A38: 주25 수익 합계 = PL 매출 | B38: =IF(ABS(B8*1000-'PL'!B6)<5000,TRUE,B8*1000-'PL'!B6) | C38: → PL!B6

Sheet 26
A1: 26. 매출원가 및 비용의 성격별 분류 | J1: =HYPERLINK("#총괄표!A1","◀ 총괄표")
A3: (1) 당기와 전기 중 매출원가의 구성내역은 다음과 같습니다.
B4: (단위: 천원)
A5: 구 분 | B5: 당 기 | C5: 전 기
A6: 상품매출원가 | B6: 8170745 | C6: 12061476
A7: 용역매출원가 | B7: 11335344 | C7: 12185545
A8: 기타매출원가 | B8: 168633 | C8: 313538
A9: 합 계 | B9: 19674722 | C9: 24560559
A10: └ 푸팅검증: 합 계(행 9) − Σ(행) | B10: =IF(ABS(B9-(SUM(B6:B8)))<1.5,TRUE,B9-(SUM(B6:B8))) | C10: =IF(ABS(C9-(SUM(C6:C8)))<1.5,TRUE,C9-(SUM(C6:C8)))
A12: (2) 당기와 전기의 비용의 성격별 분류는 다음과 같습니다.
B13: (단위: 천원)
A14: 구 분 | B14: 당 기 | C14: 전 기
A15: 재고자산의 변동 | B15: 199720 | C15: 17995
A16: 상품 매입 | B16: 7971025 | C16: 12043481
A17: 종업원급여 | B17: 4273167 | C17: 4024834
A18: 감가상각비 | B18: 306483 | C18: 321068
A19: 지급수수료 | B19: 9181272 | C19: 10372223
A20: 임차료 | B20: 113135 | C20: 113243
A21: 기타비용 | B21: 755470 | C21: 663367
A22: 합 계(*) | B22: 22800272 | C22: 27556211
A23: └ 푸팅검증: 합 계(*)(행 22) − Σ(행) | B23: =IF(ABS(B22-(SUM(B15:B21)))<1.5,TRUE,B22-(SUM(B15:B21))) | C23: =IF(ABS(C22-(SUM(C15:C21)))<1.5,TRUE,C22-(SUM(C15:C21)))
A25: (*) 포괄손익계산서상 매출원가와 판매비와일반관리비를 합산한 금액입니다.
A26: (3) 당기와 전기 중 비용으로 인식된 종업원급여의 내역은 다음과 같습니다.
B27: (단위: 천원)
A28: 구 분 | B28: 당 기 | C28: 전 기
A29: 급여 | B29: 3352403 | C29: 3136603
A30: 확정급여제도와 관련된 퇴직급여 | B30: 282745 | C30: 261657
A31: 복리후생비 | B31: 605639 | C31: 601646
A32: 주식보상비용 | B32: 32380 | C32: 24928
A33: 합 계 | B33: 4273167 | C33: 4024834
A34: └ 푸팅검증: 합 계(행 33) − Σ(행) | B34: =IF(ABS(B33-(SUM(B29:B32)))<1.5,TRUE,B33-(SUM(B29:B32))) | C34: =IF(ABS(C33-(SUM(C29:C32)))<1.5,TRUE,C33-(SUM(C29:C32)))
A37: ■ 크로스 참조
A38: 주26 매출원가 합계 = PL 매출원가 | B38: =IF(ABS(B9*1000-'PL'!B7)<5000,TRUE,B9*1000-'PL'!B7) | C38: → PL!B7

Sheet 27
A1: 27. 판매비와일반관리비 | J1: =HYPERLINK("#총괄표!A1","◀ 총괄표")
A3: 당기와 전기의 판매비와일반관리비는 다음과 같습니다.
B4: (단위: 천원)
A5: 구 분 | B5: 당 기 | C5: 전 기
A6: 급여 및 상여 | B6: 1564801 | C6: 1556363
A7: 퇴직급여 | B7: 140146 | C7: 128529
A8: 복리후생비 | B8: 280579 | C8: 287544
A9: 세금과공과 | B9: 28950 | C9: 35530
A10: 지급수수료 | B10: 361033 | C10: 312178
A11: 지급임차료 | B11: 48627 | C11: 48830
A12: 접대비 | B12: 160457 | C12: 174128
A13: 감가상각비 | B13: 126703 | C13: 138510
A14: 대손상각비 | B14: 9851 | C14: 158549
A15: 주식보상비용 | B15: 32380 | C15: 24928
A16: 기 타 | B16: 372023 | C16: 130563
A17: 합 계 | B17: 3125550 | C17: 2995652
A18: └ 푸팅검증: 합 계(행 17) − Σ(행) | B18: =IF(ABS(B17-(SUM(B6:B16)))<1.5,TRUE,B17-(SUM(B6:B16))) | C18: =IF(ABS(C17-(SUM(C6:C16)))<1.5,TRUE,C17-(SUM(C6:C16)))
A21: ■ 크로스 참조
A22: 주27 판매비와일반관리비 합계 = PL 판매비와관리비 | B22: =IF(ABS(B17*1000-'PL'!B9)<5000,TRUE,B17*1000-'PL'!B9) | C22: → PL!B9

Sheet 28
A1: 28. 금융수익 및 금융비용 | J1: =HYPERLINK("#총괄표!A1","◀ 총괄표")
A3: 당기와 전기의 금융수익 및 금융비용은 다음과 같습니다.
B4: (단위: 천원)
A5: 구 분 | B5: 당 기 | C5: 전 기
A6: 금융수익 | B6: 금융수익 | C6: 금융수익
A7: 이자수익 | B7: 112719 | C7: 229416
A8: 배당금수익 | B8: 70692 | C8: 30421
A9: 당기손익-공정가치 측정 금융자산 평가이익 | B9: 13160 | C9: 13740
A10: 당기손익-공정가치 측정 금융자산 처분이익 | B10: 585305 | C10: 0
A11: 합 계 | B11: 781876 | C11: 273577
A12: 금융비용 | B12: 금융비용 | C12: 금융비용
A13: 이자비용 | B13: 8232 | C13: 57186
A14: 당기손익-공정가치 측정 금융자산 평가손실 | B14: 97026 | C14: 0
A15: 합 계 | B15: 105258 | C15: 57186
A16: └ 푸팅검증: 합 계(행 11) − Σ(행) | B16: =IF(ABS(B11-(SUM(B7:B10)))<1.5,TRUE,B11-(SUM(B7:B10))) | C16: =IF(ABS(C11-(SUM(C7:C10)))<1.5,TRUE,C11-(SUM(C7:C10)))
A17: └ 푸팅검증: 합 계(행 15) − Σ(행) | B17: =IF(ABS(B15-(SUM(B13:B14)))<1.5,TRUE,B15-(SUM(B13:B14))) | C17: =IF(ABS(C15-(SUM(C13:C14)))<1.5,TRUE,C15-(SUM(C13:C14)))
A20: ■ 크로스 참조
A21: 주28 금융수익 합계 = PL 금융수익 | B21: =IF(ABS(B11*1000-'PL'!B11)<5000,TRUE,B11*1000-'PL'!B11) | C21: → PL!B11
A22: 주28 금융비용 합계 = PL 금융비용 | B22: =IF(ABS(B15*1000-'PL'!B12)<5000,TRUE,B15*1000-'PL'!B12) | C22: → PL!B12

Sheet 29
A1: 29. 기타영업외수익 및 기타영업외비용 | J1: =HYPERLINK("#총괄표!A1","◀ 총괄표")
A3: (1) 당기와 전기의 기타영업외수익은 다음과 같습니다.
B4: (단위: 천원)
A5: 구 분 | B5: 당 기 | C5: 전 기
A6: 외환차익 | B6: 54015 | C6: 20145
A7: 외화환산이익 | B7: 61644 | C7: 1951
A8: 유형자산처분이익 | B8: 328 | C8: 0
A9: 무형자산손상환입 | B9: 0 | C9: 240000
A10: 잡이익 | B10: 486 | C10: 7800
A11: 합 계 | B11: 116473 | C11: 269896
A12: └ 푸팅검증: 합 계(행 11) − Σ(행) | B12: =IF(ABS(B11-(SUM(B6:B10)))<1.5,TRUE,B11-(SUM(B6:B10))) | C12: =IF(ABS(C11-(SUM(C6:C10)))<1.5,TRUE,C11-(SUM(C6:C10)))
A14: (2) 당기와 전기의 기타영업외비용은 다음과 같습니다.
B15: (단위: 천원)
A16: 구 분 | B16: 당 기 | C16: 전 기
A17: 외환차손 | B17: 78961 | C17: 35999
A18: 외화환산손실 | B18: 14753 | C18: 9978
A19: 잡손실 | B19: 23 | C19: 972
A20: 합 계 | B20: 93737 | C20: 46949
A21: └ 푸팅검증: 합 계(행 20) − Σ(행) | B21: =IF(ABS(B20-(SUM(B17:B19)))<1.5,TRUE,B20-(SUM(B17:B19))) | C21: =IF(ABS(C20-(SUM(C17:C19)))<1.5,TRUE,C20-(SUM(C17:C19)))
A24: ■ 크로스 참조
A25: 주29 기타영업외수익 합계 = PL 기타영업외수익 | B25: =IF(ABS(B11*1000-'PL'!B13)<5000,TRUE,B11*1000-'PL'!B13) | C25: → PL!B13
A26: 주29 기타영업외비용 합계 = PL 기타영업외비용 | B26: =IF(ABS(B20*1000-'PL'!B14)<5000,TRUE,B20*1000-'PL'!B14) | C26: → PL!B14

Sheet 30
A1: 30. 주당이익 | J1: =HYPERLINK("#총괄표!A1","◀ 총괄표")
A3: (1) 기본주당이익당기와 전기 중 기본주당이익의 계산내역은 다음과 같습니다.
B4: (단위: 원)
A5: 구 분 | B5: 당 기 | C5: 전 기
A6: 보통주순이익 | B6: 2527450060 | C6: 1999174860
A7: 가중평균보통유통주식수 | B7: 12000000 | C7: 12000000
A8: 주당이익 | B8: 211 | C8: 167
A10: (2) 희석주당이익희석주당순이익은 모든 희석성 잠재적보통주가 보통주로 전환된다고 가정하여 조정한 가중평균유통보통주식수를 적용하여 산정하고 있습니다. 당사가 보유하고 있는 희석성 잠재적보통주에는 주식선택권이 있습니다. 주식선택권으로 인한 주식수는 주식선택권에 부가된 권리 행사의 금전적 가치에 기초하여 공정가치(회계기간의 평균시장가격)로 취득했을 때 얻게 될 주식수를 계산하고 동 주식수와 주식선택권이 행사된 것으로 가정할 경우 발행될 주식수를 비교하여 산정하였습니다. 전기말 현재 당사가 보유하고 있는 희석성 잠재적보통주의 희석효과가 없으므로 희석주당이익은 기본주당이익과 동일합니다. 당기말 현재 당사가 보유하고 있는 희석성 잠재적보통주의 희석효과는 다음과 같습니다.
B11: (단위: 원)
A12: 구 분 | B12: 당 기
A13: 보통주당기순이익 | B13: 2527450060
A14: 가중평균유통보통주식수(*) | B14: 12014858
A15: 희석주당손익 | B15: 210
A17: (*) 가중평균유통보통주식수의 산정내역은 다음과 같습니다.
B18: (단위: 주)
A19: 구 분 | B19: 당 기
A20: 가중평균유통보통주식수 | B20: 12000000
A21: 조정:
A22: 주식선택권 | B22: 14858
A23: 가중평균유통보통주식수(희석) | B23: 12014858
A26: ■ 크로스 참조
A27: 주30 주당이익 = PL 기본주당이익 | B27: =IF(ABS(B8-'PL'!B25)<0.5,TRUE,B8-'PL'!B25) | C27: → PL!B25

Sheet 31
A1: 31. 배당금 | J1: =HYPERLINK("#총괄표!A1","◀ 총괄표")
A3: (1) 당기와 전기의 배당금 산정의 내용은 다음과 같습니다.
B4: (단위: 주, 원)
A5: 구 분 | B5: 당 기 | C5: 전 기
A6: 배당받을 주식수 | B6: 12000000 | C6: 12000000
A7: 주당액면금액 | B7: 500 | C7: 500
A8: 액면배당률 | B8: 36.00% | C8: 36.00%
A9: 주당 배당금 | B9: 180 | C9: 180
A11: (2) 당기와 전기의 배당성향의 계산내역은 다음과 같습니다.
B12: (단위: 천원)
A13: 구 분 | B13: 당 기 | C13: 전 기
A14: 배당금 | B14: 2160000 | C14: 2160000
A15: 당기순이익 | B15: 2527450 | C15: 1999175
A16: 배당성향 | B16: 85.46% | C16: 108.04%

Sheet 32
A1: 32. 현금흐름표 | J1: =HYPERLINK("#총괄표!A1","◀ 총괄표")
A3: (1) 영업으로부터 창출된 현금은 다음과 같습니다.
B4: (단위: 천원)
A5: 구 분 | B5: 당 기 | C5: 전 기
A6: 법인세비용차감전순이익 | B6: 2762564 | C6: 2422480
A7: 조정 항목: | B7: 조정 항목: | C7: 조정 항목:
A8: 이자비용 | B8: 8232 | C8: 57186
A9: 외화환산손실 | B9: 14753 | C9: 9978
A10: 퇴직급여 | B10: 282745 | C10: 261657
A11: 유형자산감가상각비 | B11: 129044 | C11: 144773
A12: 사용권자산감가상각비 | B12: 177439 | C12: 176295
A13: 대손상각비 | B13: 9851 | C13: 158549
A14: 당기손익-공정가치 측정 금융자산 평가손실 | B14: 97026 | C14: 0
A15: 재고자산평가손실 | B15: 325018 | C15: 361785
A16: 복리후생비 | B16: 66932 | C16: 43505
A17: 주식보상비용 | B17: 32380 | C17: 24928
A18: 소송충당부채 전입액 | B18: 234911 | C18: 0
A19: 이자수익 | B19: -112719 | C19: -229416
... A25: 무형자산손상환입 | B25: 0 | C25: -240000
A26: 영업활동으로 인한 자산ㆍ부채 변동 : | B26: 영업활동으로 인한 자산ㆍ부채 변동 : | C26: 영업활동으로 인한 자산ㆍ부채 변동 :
A27: 매출채권의 증가 | B27: -3933538 | C27: -895179
A28: 기타채권의 감소(증가) | B28: -380052 | C28: 7685
A29: 기타유동자산의 감소(증가) | B29: -1345223 | C29: 2159636
A30: 재고자산의 증가 | B30: -125299 | C30: -343790
A31: 매입채무의 증가 | B31: 3054337 | C31: 815809
A32: 기타지급채무의 증가(감소) | B32: -597630 | C32: 723584
A33: 기타유동부채의 증가(감소) | B33: 365093 | C33: -2512685
A34: 장기종업원급여부채의 감소 | B34: -25380 | C34: -17300
A35: 퇴직금의 지급 | B35: 0 | C35: -2070
A36: 사외적립자산 납입 | B36: -200000 | C36: -450000
A37: 영업으로부터 창출된 현금 | B37: 109355 | C37: 2631298
A39: (2) 현금의 유입ㆍ유출이 없는 거래 중 중요한 사항
B40: (단위: 천원)
A41: 구 분 | B41: 당 기 | C41: 전 기
A42: 장기보증금의 유동성 대체 | B42: 585216 | C42: -585216
A43: 장기대여금의 유동성 대체 | B43: 29250 | C43: 36917
A44: 사용권자산의 최초인식 | B44: 0 | C44: 327235
A45: 장기리스부채의 유동성 대체 | B45: 119286 | C45: 69303
A46: 복구충당부채의 유동성 대체 | B46: 20000 | C46: -20000
A48: (3) 재무활동에서 생기는 부채의 조정내용
B49: (단위: 천원)
A50: 구 분 | B50: 유동성리스부채 | C50: 비유동성리스부채 | D50: 단기차입금 | E50: 미지급배당금 | F50: 합 계
A51: 전기초 | B51: 125201 | C51: 21896 | D51: 1340000 | E51: 0 | F51: 1487097
A52: 취득-리스 | B52: 160542 | C52: 166693 | D52: 0 | E52: 0 | F52: 327235
A53: 배당결의 | B53: 0 | C53: 0 | D53: 0 | E53: 2160000 | F53: 2160000
A54: 기타 비금융변동 | B54: 69303 | C54: -69303 | D54: 0 | E54: 0 | F54: 0
A55: 재무활동현금흐름 | B55: -178045 | C55: 0 | D55: -1340000 | E55: -2160000 | F55: -3678045
A56: 전기말 | B56: 177001 | C56: 119286 | D56: 0 | E56: 0 | F56: 296287
A57: 당기초 | B57: 177001 | C57: 119286 | D57: 0 | E57: 0 | F57: 296287
A58: 배당결의 | B58: 0 | C58: 0 | D58: 0 | E58: 2160000 | F58: 2160000
A59: 기타 비금융변동 | B59: 119286 | C59: -119286 | D59: 0 | E59: 0 | F59: 0
A60: 재무활동현금흐름 | B60: -177001 | C60: 0 | D60: 0 | E60: -2160000 | F60: -2337001
A61: 당기말 | B61: 119286 | C61: 0 | D61: 0 | E61: 0 | F61: 119286
A62: └ 푸팅검증: 전기말(행 56) − Σ(행) | B62: =IF(ABS(B56-(SUM(B51:B55)))<1.5,TRUE,B56-(SUM(B51:B55))) | C62: =IF(ABS(C56-(SUM(C51:C55)))<1.5,TRUE,C56-(SUM(C51:C55))) | F62: =IF(ABS(F56-(SUM(F51:F55)))<1.5,TRUE,F56-(SUM(F51:F55)))
A63: └ 푸팅검증: 당기말(행 61) − Σ(행) | B63: =IF(ABS(B61-(SUM(B57:B60)))<1.5,TRUE,B61-(SUM(B57:B60))) | F63: =IF(ABS(F61-(SUM(F57:F60)))<1.5,TRUE,F61-(SUM(F57:F60)))
A66: ■ 크로스 참조
A67: 주32 법인세비용차감전순이익 = PL 법인세비용차감전순이익 | B67: =IF(ABS(B6*1000-'PL'!B15)<5000,TRUE,B6*1000-'PL'!B15) | C67: → PL!B15
A68: 주32 영업으로부터 창출된 현금 = CF 영업으로부터 창출된 현금흐름 | B68: =IF(ABS(B37*1000-'CF'!B7)<5000,TRUE,B37*1000-'CF'!B7) | C68: → CF!B7

Sheet 33
A1: 33. 우발부채와 약정사항 | J1: =HYPERLINK("#총괄표!A1","◀ 총괄표")
A3: (1) 당기말과 전기말 현재 금융기관과 체결하고 있는 약정금액은 다음과 같습니다.<당기말>
B4: (단위: 천원, USD)
A5: 약정사항 | B5: 금융기관 | C5: 한도액 | D5: 사용액
A6: 수입신용장 | B6: (주)신한은행 | C6: USD 3,000,000 | D6: USD 1,518,525
A7: 운전자금대출 | B7: (주)신한은행 | C7: 1950000 | D7: 0
A8: 법인카드 | B8: 현대카드(주) | C8: 120000 | D8: 28278
A9: 법인카드 | B9: (주)하나카드 | C9: 20000 | D9: 2409
A10: 법인카드 | B10: 국민카드 | C10: 100000 | D10: 5815
A12: <전기말>
B13: (단위: 천원, USD)
A14: 약정사항 | B14: 금융기관 | C14: 한도액 | D14: 사용액
A15: 수입신용장 | B15: (주)신한은행 | C15: USD 3,000,000 | D15: USD 221,628
A16: 운전자금대출 | B16: (주)신한은행 | C16: 1950000 | D16: 0
A17: 법인카드 | B17: 현대카드(주) | C17: 120000 | D17: 29892
A18: 법인카드 | B18: (주)하나카드 | C18: 20000 | D18: 3783
A19: 법인카드 | B19: 국민카드 | C19: 100000 | D19: 5714
A21: (2) 당기말과 전기말 현재 당사가 금융기관 등에 제공하고 있는 담보 내역은 다음과 같습니다.
A22: <당기말>
B23: (단위: 천원)
A24: 담보권자 | B24: 담보물건 | C24: 장부금액 | D24: 담보설정액 | E24: 채무금액 | F24: 관련 내역
A25: 소프트웨어공제조합 | B25: 당기손익-공정가치측정 금융자산 | C25: 286876 | D25: 286876 | E25: 0 | F25: 거래이행보증
A27: <전기말>
B28: (단위: 천원)
A29: 담보권자 | B29: 담보물건 | C29: 장부금액 | D29: 담보설정액 | E29: 채무금액 | F29: 관련 내역
A30: 소프트웨어공제조합 | B30: 당기손익-공정가치측정 금융자산 | C30: 277450 | D30: 277450 | E30: 0 | F30: 거래이행보증
A32: (3) 당기말과 전기말 현재 당사가 타인으로부터 제공받은 지급보증 내역은 다음과 같습니다.<당기말>
B33: (단위: 천원)
A34: 제공기관 | B34: 내 용 | C34: 한도액 | D34: 실행액
A35: 소프트웨어공제조합 | B35: 입찰보증 | C35: 4590018 | D35: 713899
A36: 소프트웨어공제조합 | B36: 계약/하자보증 | C36: 9466913 | D36: 4985551
A37: 소프트웨어공제조합 | B37: 선급금/기타보증 | C37: 3729390 | D37: 2359209
A38: 소프트웨어공제조합 | B38: 소 계 | C38: 17786321 | D38: 8058659
A39: 서울보증보험(주) | B39: 이행계약 등 | C39: 90139 | D39: 90139
A40: 합 계 | B40: 합 계 | C40: 17876460 | D40: 8148798
A41: └ 푸팅검증: 합 계(행 40) − 그룹합 | C41: =IF(ABS(C40-(SUM(C38:C39)))<1.5,TRUE,C40-(SUM(C38:C39))) | D41: =IF(ABS(D40-(SUM(D38:D39)))<1.5,TRUE,D40-(SUM(D38:D39)))
A43: <전기말>
B44: (단위: 천원)
A45: 제공기관 | B45: 내 용 | C45: 한도액 | D45: 실행액
A46: 소프트웨어공제조합 | B46: 입찰보증 | C46: 4439206 | D46: 468706
A47: 소프트웨어공제조합 | B47: 계약/하자보증 | C47: 9155861 | D47: 6854077
A48: 소프트웨어공제조합 | B48: 선급금/기타보증 | C48: 3623743 | D48: 3623743
A49: 소프트웨어공제조합 | B49: 소 계 | C49: 17218810 | D49: 10946526
A50: 서울보증보험(주) | B50: 이행계약 등 | C50: 49877 | D50: 49877
A51: 합 계 | B51: 합 계 | C51: 17268687 | D51: 10996403
A52: └ 푸팅검증: 합 계(행 51) − 그룹합 | C52: =IF(ABS(C51-(SUM(C49:C50)))<1.5,TRUE,C51-(SUM(C49:C50))) | D52: =IF(ABS(D51-(SUM(D49:D50)))<1.5,TRUE,D51-(SUM(D49:D50)))
A54: (4) 당기말과 전기말 현재 당사가 보험에 가입한 자산의 내역은 다음과 같습니다.
B55: (단위: 천원)
A56: 보험종류 | B56: 보험가입자산 | C56: 부보금액 | D56: 부보금액 | E56: 부보처
A57: 보험종류 | B57: 보험가입자산 | C57: 당기말 | D57: 전기말 | E57: 부보처
A58: 화재 및 풍수재손해보험 | B58: 건물(동검도) | C58: 1256338 | D58: 1256338 | E58: DB손해보험(주)
A59: 재난배상책임보험 | B59: 건물(동검도) | C59: 무한 | D59: 무한 | E59: 현대해상화재보험(주)
A60: 재난배상책임보험 | B60: 건물(상화원) | C60: 무한 | D60: 무한 | E60: (주)KB손해보험
A61: 화재보험 | B61: 건물(황도리) | C61: 0 | D61: 69971 | E61: 현대해상화재보험(주)
A62: 합 계 | B62: 합 계 | C62: 1256338 | D62: 1326309
A63: └ 푸팅검증: 합 계(행 62) − Σ(행) | C63: =IF(ABS(C62-(C58+C61))<1.5,TRUE,C62-(C58+C61)) | D63: =IF(ABS(D62-(D58+D61))<1.5,TRUE,D62-(D58+D61))
A65: (5) 당기말 현재 계류 중인 소송사건은 다음과 같습니다.
B66: (단위: 천원)
A67: 구 분 | B67: 소송명 | C67: 소송금액 | D67: 상대방 | E67: 진행상황
A68: 원고 | B68: 채무부존재확인 | C68: 636736 | D68: 주식회사 가이스트코리아 | E68: 1심 진행 중
A69: 원고 | B69: 공탁금 청구권 | C69: 317362 | D69: 주식회사 조인트리 | E69: 1심 진행 중
A70: 원고 | B70: 용역대금 외 | C70: 224312 | D70: 대한민국 | E70: 1심 진행 중
A71: 피고 | B71: 공탁금 청구권 | C71: 556594 | D71: 신용보증기금 | E71: 1심 진행 중
A72: 피고 | B72: 손해배상 | C72: 2000000 | D72: 주식회사 이씨에스텔레콤 | E72: 2심 진행 중(당사 1심 승소 후 원고 항소)
A73: 피고(*) | B73: 용역대금 외 | C73: 489112 | D73: 주식회사 가이스트코리아 | E73: 2심 진행 중(당사 1심 일부 패소 후 항소)
A75: (*) 소송관련 공탁금 680백만원이 기타채권에 포함되어 있으며, 사용이 제한되어 있습니다.
A76: 당사는 1심 판결 결과를 반영하여 현재의무로 판단되는 금액 377,033천원을 소송충당부채로 계상하였습니다. 향후 소송의 진행 경과 및 최종 판결에 따라 손실 규모가 변동될 수 있습니다.한편, 그 외 계류 중인 소송 사건과 관련하여서는, 당기말 현재 그 결과 및 재무적 영향을 합리적으로 추정할 수 없습니다.

Sheet 34
A1: 34. 특수관계자거래 | J1: =HYPERLINK("#총괄표!A1","◀ 총괄표")
A3: (1) 당기말과 전기말 현재 당사와 특수관계에 있는 지배기업 및 관계기업의 현황은 다음과 같습니다.
A4: 관 계 | B4: 당기말 | C4: 전기말
A5: 지배기업 | B5: 한국지주(주) | C5: 한국지주(주)
A6: 지배기업의 종속기업 및 관계기업 | B6: (주)한네트 | C6: (주)한네트
A7: 지배기업의 종속기업 및 관계기업 | B7: (주)케이씨티 | C7: (주)케이씨티
A8: 지배기업의 종속기업 및 관계기업 | B8: 한국컴퓨터(주) | C8: 한국컴퓨터(주)
A9: 지배기업의 종속기업 및 관계기업 | B9: (주)로지시스 | C9: (주)로지시스
A10: 지배기업의 종속기업 및 관계기업 | B10: (주)한국문학사 | C10: (주)한국문학사
A11: 지배기업의 종속기업 및 관계기업 | B11: 한국상역개발(주) | C11: 한국상역개발(주)
A12: 지배기업의 종속기업 및 관계기업 | B12: (주)상화원 | C12: (주)상화원
A13: 지배기업의 종속기업 및 관계기업 | B13: (주)제주상화원 | C13: (주)제주상화원
A14: 지배기업의 종속기업 및 관계기업 | B14: Pacom Int'l Inc. | C14: Pacom Int'l Inc.
A15: 지배기업의 종속기업 및 관계기업 | B15: KCI VINA CO., LTD. | C15: KCI VINA CO., LTD.
... A17: 기타특수관계자 | B17: (주)한상개발(*2) | C17: (주)한상개발(*2)
A19: (*1) 지배기업의 지분 12.22%를 소유하고 있습니다.(*2) 지배기업의 주요경영진이 지배하는 회사입니다.
A20: (2) 당기와 전기 중 당사와 특수관계자에 대한 재화와 용역의 판매는 다음과 같습니다.
B21: (단위: 천원)
A22: 구 분 | B22: 구 분 | C22: 거래내역 | D22: 당 기 | E22: 전 기
A23: 지배기업의 종속기업 및 관계기업 | B23: (주)한네트 | C23: 상품매출 등 | D23: 354378 | E23: 1494455
A24: 지배기업의 종속기업 및 관계기업 | B24: (주)로지시스 | C24: 용역의 제공 등 | D24: 6502 | E24: 6292
A25: 지배기업의 종속기업 및 관계기업 | B25: (주)케이씨티 | C25: 용역의 제공 등 | D25: 30444 | E25: 138919
A26: 지배기업의 종속기업 및 관계기업 | B26: (주)상화원 | C26: 용역의 제공 | D26: 88963 | E26: 59844
A27: 합 계 | B27: 합 계 | C27: 합 계 | D27: 480287 | E27: 1699510
A28: └ 푸팅검증: 합 계(행 27) − Σ(행) | D28: =IF(ABS(D27-(SUM(D23:D26)))<1.5,TRUE,D27-(SUM(D23:D26))) | E28: =IF(ABS(E27-(SUM(E23:E26)))<1.5,TRUE,E27-(SUM(E23:E26)))
A30: (3) 당기와 전기 중 특수관계자에 대한 재화와 용역의 구입은 다음과 같습니다.
B31: (단위: 천원)
A32: 구 분 | B32: 구 분 | C32: 거래내역 | D32: 당 기 | E32: 전 기
A33: 지배기업 | B33: 한국지주(주) | C33: 지급수수료 외 | D33: 2529 | E33: 2412
A34: 지배기업의 종속기업 및 관계기업 | B34: (주)로지시스 | C34: 지급임차료 | D34: 360 | E34: 360
A35: 지배기업의 종속기업 및 관계기업 | B35: (주)케이씨티 | C35: 재고자산 외 | D35: 20043 | E35: 1700
A36: 지배기업의 종속기업 및 관계기업 | B36: (주)한국문학사 | C36: 도서구입 등 | D36: 6610 | E36: 6520
A37: 지배기업의 종속기업 및 관계기업 | B37: (주)상화원 | C37: 지급임차료 등 | D37: 4892 | E37: 5000
A38: 기타특수관계자 | B38: (주)한상개발 | C38: 지급임차료 등(*) | D38: 126882 | E38: 124152
A39: 합 계 | B39: 합 계 | C39: 합 계 | D39: 161316 | E39: 140144
A40: └ 푸팅검증: 합 계(행 39) − Σ(행) | D40: =IF(ABS(D39-(SUM(D33:D38)))<1.5,TRUE,D39-(SUM(D33:D38))) | E40: =IF(ABS(E39-(SUM(E33:E38)))<1.5,TRUE,E39-(SUM(E33:E38)))
A42: (*) 특수관계자와의 리스계약에서 발생한 이자비용이 포함되어 있습니다.
A43: (4) 당기말과 전기말 현재 특수관계자에 대한 채권ㆍ채무내역은 다음과 같습니다.
B44: (단위: 천원)
A45: 특수관계구분 | B45: 회사명 | C45: 거래내역 | D45: 당기말 | E45: 전기말
A46: 특수관계자에 대한 채권(*) | B46: 특수관계자에 대한 채권(*) | C46: 특수관계자에 대한 채권(*) | D46: 특수관계자에 대한 채권(*) | E46: 특수관계자에 대한 채권(*)
A47: 지배기업의종속기업 및 관계기업 | B47: (주)한네트 | C47: 용역의 제공 | D47: 92322 | E47: 54312
A48: 지배기업의종속기업 및 관계기업 | B48: (주)로지시스 | C48: 용역의 제공 등 | D48: 464 | E48: 464
A49: 지배기업의종속기업 및 관계기업 | B49: (주)케이씨티 | C49: 용역의 제공 등 | D49: 0 | E49: 15840
A50: 기타특수관계자 | B50: (주)한상개발 | C50: 임차보증금 | D50: 585216 | E50: 585216
A51: 합 계 | B51: 합 계 | C51: 합 계 | D51: 678002 | E51: 655832
A52: 특수관계자에 대한 채무 | B52: 특수관계자에 대한 채무 | C52: 특수관계자에 대한 채무 | D52: 특수관계자에 대한 채무 | E52: 특수관계자에 대한 채무
A53: 지배기업 | B53: 한국지주(주) | C53: 도서구입비 | D53: 1396 | E53: 0
A54: 기타특수관계자 | B54: (주)한상개발 | C54: 리스부채 등 | D54: 111824 | E54: 274391
A55: 합 계 | B55: 합 계 | C55: 합 계 | D55: 113220 | E55: 274391
A56: └ 푸팅검증: 합 계(행 51) − Σ(행) | D56: =IF(ABS(D51-(SUM(D47:D50)))<1.5,TRUE,D51-(SUM(D47:D50))) | E56: =IF(ABS(E51-(SUM(E47:E50)))<1.5,TRUE,E51-(SUM(E47:E50)))
A57: └ 푸팅검증: 합 계(행 55) − Σ(행) | D57: =IF(ABS(D55-(SUM(D53:D54)))<1.5,TRUE,D55-(SUM(D53:D54))) | E57: =IF(ABS(E55-(SUM(E53:E54)))<1.5,TRUE,E55-(SUM(E53:E54)))
A59: (*) 당기말 현재 특수관계자에 대한 채권에 설정된 손실충당금은 없습니다.
A60: (5) 당기와 전기 중 특수관계자와 발생한 자금거래는 다음과 같습니다.<당기>
B61: (단위: 천원)
A62: 특수관계 구분 | B62: 회사명 | C62: 상 환 | D62: 배당지급
A63: 지배기업 | B63: 한국지주(주) | C63: 0 | D63: 1440000
A64: 기타특수관계자 | B64: (주)한상개발(*) | C64: 162567 | D64: 0
A66: <전기>
B67: (단위: 천원)
A68: 특수관계 구분 | B68: 회사명 | C68: 상 환 | D68: 배당지급
A69: 지배기업 | B69: 한국지주(주) | C69: 0 | D69: 1440000
A70: 기타특수관계자 | B70: (주)한상개발(*) | C70: 164240 | D70: 0
A72: (*) (주)한상개발과 체결한 사무실 리스계약에 따라 인식한 사용권자산은 109,078천원이며, 리스부채는 111,824천원입니다. 당기 중 리스부채의 상환금액은 162,567천원(전기: 164,240천원)이며, 당기 중 발생한 이자비용은 7,546천원(전기: 5,873천원)입니다.
A73: (6) 당기와 전기 중 주요 경영진에 대한 보상의 내용은 다음과 같습니다.
B74: (단위: 천원)
A75: 구 분 | B75: 당 기 | C75: 전 기
A76: 단기급여 | B76: 205030 | C76: 194084
A77: 퇴직급여 | B77: 30167 | C77: 26785
A78: 장기종업원급여 | B78: 1188 | C78: 711
A79: 주식보상비용 | B79: 32380 | C79: 24928
A80: 합 계 | B80: 268765 | C80: 246508
A81: └ 푸팅검증: 합 계(행 80) − Σ(행) | B81: =IF(ABS(B80-(SUM(B76:B79)))<1.5,TRUE,B80-(SUM(B76:B79))) | C81: =IF(ABS(C80-(SUM(C76:C79)))<1.5,TRUE,C80-(SUM(C76:C79)))
A83: 당사의 주요 경영진(등기임원)에 대한 보상은 급여, 비화폐성 급여 및 퇴직급여제도에 대한 기여금을 포함하고 있습니다.

Sheet 지적사항
A1: 지적사항 — 중요도 순 (S: 발행 전 필수 / A: 내용 보강·확인 / B: 표 형식·레이아웃 / C: 문구·오타)
A3: 중요도 | B3: No | C3: 유형 | D3: 위치 | E3: 지적 내용 | F3: 근거 · 계산 | G3: 수정안
A4: C | B4: 1 | C4: 오타 | D4: 재무상태표 비유동부채 (BS 행27) | E4: 계정명 '기타장기종업웝급여부채'는 '기타장기종업원급여부채'의 오타다. | F4: 주석 18 표10은 '장기종업원급여부채', 주석 32 표1은 '장기종업원급여부채의 감소'로 적혀 있다. 재무상태표 본문만 '종업웝'. | G4: '기타장기종업원급여부채'로 정정.
A5: C | B5: 2 | C5: 띄어쓰기 | D5: 독립된 감사인의 감사보고서 — 감사의견 첫 문단 | E5: '동일로 종료되는양 보고기간의'에서 '종료되는 양'의 띄어쓰기가 빠졌다. | F5: 본문: '…현재의 재무상태표, 동일로 종료되는양 보고기간의 포괄손익계산서…'. 의존명사 '양'은 띄어 쓴다. | G5: '동일로 종료되는 양 보고기간의'로 정정.
A6: C | B6: 3 | C6: 용어혼용 | D6: BS 행7·10·11, PL 행15, CE 행5·17·19 / 주석 6 표1·2 헤더, 주석 5 | E6: '공정가치 측정 금융자산'(재무제표 본문)과 '공정가치측정 금융자산'(주석 표 헤더)의 띄어쓰기가 갈린다. 자본변동표 안에서도 '측정 지분상품'과 '측정지분상품'이 섞여 있다. | F6: format_audit term 항목: 공정가치 측정 / 공정가치측정, 측정 지분상품 / 측정지분상품, 공정가치 측정치 / 공정가치측정치(주5). | G6: 기준서 표기인 '공정가치 측정 금융자산'으로 통일.
A7: C | B7: 4 | C7: 용어혼용 | D7: 자본변동표 행9·21 / 현금흐름표 행20 | E7: '배당금 지급'(자본변동표)과 '배당금지급'(현금흐름표) 표기가 다르다. | F7: CE[9,0], CE[21,0] = 배당금 지급 / CF[20,0] = 배당금지급. | G7: 한쪽으로 통일 (현금흐름표 다른 항목이 '차입금의 상환'처럼 띄어 쓰므로 '배당금 지급' 권장).
A8: C | B8: 5 | C8: 용어혼용 | D8: PL 행16 / 주석 12 표3 / 주석 19 표2 | E8: '법인세효과'(손익계산서)와 '법인세 효과'(주석)의 띄어쓰기가 갈린다. | F8: PL[16,0] 법인세효과 / 주12 표3 행 '법인세 효과', 주19 표3 행 '법인세 효과:'. | G8: '법인세효과'로 통일.
A9: C | B9: 6 | C9: 용어혼용 | D9: 주석 14 표5 행1 / 주석 32 표1 행7 | E9: '사용권자산 감가상각비'(주석 14)와 '사용권자산감가상각비'(주석 32)가 섞여 있다. | F9: 주14/표5[0,0] / 주32/표1[6,0]. | G9: '사용권자산 감가상각비'로 통일.
A10: C | B10: 7 | C10: 용어혼용 | D10: 주석 본문 전반 (주2·3·4·7·12·13·14·17·18·19·24·31·34) | E10: 주석 설명 문장에서 같은 말의 띄어쓰기가 여러 곳에서 갈린다. | F10: 변동 내역 / 변동내역 (주12·13·14·17), 보고기간 종료일 / 보고기간종료일 (주4·7·19), 일시적 차이 / 일시적차이 (주3·19), 매출채권 및 기타채권 / 매출채권및기타채권 (주4·6), 지배기업의 종속기업 / 지배기업의종속기업 (주34), 주당 배당금 / 주당배당금 (주24 표2·주31 표1), 재무상태표 상 / 재무상태표상 (주2·4·18), 당기 법인세 / 당기법인세 (주2·19). | G10: 표기 기준을 하나 정해 전체 치환. 전기 보고서를 그대로 이어받은 표현이면 그 사실을 적고 다음 기에 정리.

Sheet 서술검산
A1: 서술 검산 — 본문 문장의 수치를 표 값으로 재계산 | H1: =HYPERLINK("#총괄표!A1","◀ 총괄표")
A3: No | B3: 위치 | C3: 문장 | D3: 기재값 | E3: 단위 | F3: 재계산식 | G3: 재계산값 | H3: 차이
A4: 1 | B4: 주석 30 | C4: 기본주당이익 211원 = 보통주순이익 ÷ 가중평균유통보통주식수 | D4: 211 | E4: 원 | F4: '30'!B6/'30'!B7 | G4: ='30'!B6/'30'!B7 | H4: =IF(ABS(G4-D4)<0.5,TRUE,G4-D4)
A5: 2 | B5: 주석 31 | C5: 배당성향 85.46% = 배당금 ÷ 당기순이익 | D5: 85.46 | E5: % | F5: '31'!B14/'31'!B15*100 | G5: ='31'!B14/'31'!B15*100 | H5: =IF(ABS(G5-D5)<0.005,TRUE,G5-D5)
A6: 3 | B6: 주석 4 | C6: 부채비율 40.8% = 부채(A) ÷ 자본(B) | D6: 40.8 | E6: % | F6: '4'!B102/'4'!B103*100 | G6: ='4'!B102/'4'!B103*100 | H6: =IF(ABS(G6-D6)<0.05,TRUE,G6-D6)
A7: 4 | B7: 주석 19 | C7: 유효세율 8.51% = 법인세비용 ÷ 법인세비용차감전순이익 | D7: 8.51 | E7: % | F7: '19'!B31/'19'!B23*100 | G7: ='19'!B31/'19'!B23*100 | H7: =IF(ABS(G7-D7)<0.005,TRUE,G7-D7)
A8: 5 | B8: 주석 19 | C8: 법인세비용 235,114천원 = 법정세율 법인세 + 조정 항목 | D8: 235114 | E8: 천원 | F8: '19'!B24+'19'!B26+'19'!B27+'19'!B28+'19'!B29+'19'!B30 | G8: ='19'!B24+'19'!B26+'19'!B27+'19'!B28+'19'!B29+'19'!B30 | H8: =IF(ABS(G8-D8)<0.5,TRUE,G8-D8)

Sheet 숫자대사
A1: 숫자 대사 명세 — 보고서 기재액 ↔ 조서·원장
A3: No | B3: 항목 | C3: 보고서 기재 | D3: 대사 원천 | E3: 원천 금액 | F3: 차이 | G3: 대사 근거
A4: 1 | B4: 현금및현금성자산 — 주8 합계 vs BS | C4: 4026180 | D4: BS 현금및현금성자산 (원) | E4: 4026179709 | F4: 0 | G4: 천원 반올림 차이 291원, 허용 ±5,000원
A5: 2 | B5: 매입채무 — 주16 vs BS | C5: 4092019 | D5: BS 매입채무 | E5: 4092019000 | F5: 0 | G5: 주16/표1 행0 4,092,019천원
A6: 3 | B6: 판매비와관리비 — 주27 합계 vs PL | C6: 3125550 | D6: PL 판매비와관리비 | E6: 3125550277 | F6: 0 | G6: 주27/표1 합계 3,125,550천원
A7: 4 | B7: 매출원가 — 주26 합계 vs PL | C7: 19674722 | D7: PL 매출원가 | E7: 19674721789 | F7: 0 | G7: 주26/표1 합계 19,674,722천원
A8: 5 | B8: 법인세비용 — 주19 vs PL | C8: 235114 | D8: PL 법인세비용 | E8: 235114420 | F8: 0 | G8: 주19/표1·표3 법인세비용 235,114천원
A9: 6 | B9: 법인세비용차감전순이익 — 주32 vs PL | C9: 2762564 | D9: PL 법인세비용차감전순이익 | E9: 2762564480 | F9: 0 | G9: 주32/표1 행0
A10: 7 | B10: 영업으로부터 창출된 현금 — 주32 vs CF | C10: 109355 | D10: CF 영업으로부터 창출된 현금흐름 | E10: 109355005 | F10: 0 | G10: 주32/표1 행31
A11: 8 | B11: 부채총계·자본총계 — 주4 부채비율 표 vs BS | C11: 8031678 | D11: BS 부채총계 | E11: 8031678000 | F11: 0 | G11: 자본(B) 19,680,714천원 = BS 자본총계 19,680,713,875원

Sheet 검증완료
A1: 검증 완료 — 이상 없음
A3: No | B3: 검증 항목 | C3: 검증 내용 | D3: 대사 자료 | E3: 결과
A4: 1 | B4: 재무제표 계층 소계·총계 (BS·PL·CE·CF) | C4: 유동자산·비유동자산·자산총계·부채총계·자본총계·부채및자본총계, 영업활동·투자활동·재무활동 현금흐름 등 338개 검증셀 | D4: 워크북 ■ 푸팅 검증 | E4: 차이 0
A5: 2 | B5: 표준 산식 20건 | C5: 매출총이익 = 매출 − 매출원가, 영업이익 = 매출총이익 − 판관비, 법인세비용차감전순이익 = 영업이익 + 금융수익 − 금융비용 + 기타영업외수익 − 기타영업외비용, 당기순이익 = 법인세차감전 − 법인세비용, 총포괄손익 = 당기순이익 + 기타포괄손익 (당·전기) | D5: 워크북 ■ 산식 검증 | E5: 차이 0
A6: 3 | B6: 재무제표 간 크로스 3건 | C6: CF 당기순이익 = PL, CF 기말 현금 = BS 현금및현금성자산, CE 당기말 총계 = BS 자본총계 | D6: 워크북 ■ 크로스 참조 | E6: 차이 0
A7: 4 | B7: 자본변동표 잔액행 검증 | C7: 전기말·당기말 = 기초 + 변동행 Σ (총포괄손익 합계행은 소계라 제외) | D7: 워크북 CE 시트 | E7: 차이 0 (34개 검증셀)
A8: 5 | B8: 주석 표 합계·소계 235건 | C8: 주석 4·6·9·13·14·16·17·18·19·26·27·28·29·33·34 등 합계행 — 그룹합(유동 합계 = 매출채권 + 기타채권 소계) 포함 | D8: tie_out 합계 검산 + 워크북 └ 푸팅검증 | E8: 불일치 0
A9: 6 | B9: 주석 ↔ 본문 크로스 27건 | C9: 현금·매출채권·기타채권·기타자산·재고·유형·무형·리스부채·매입채무·기타지급채무·기타유동부채·자본잉여금·이익잉여금 = BS / 수익·매출원가·판관비·금융수익·금융비용·기타영업외수익·비용·법인세비용·주당이익·법인세차감전 = PL / 영업창출현금 = CF / 부채비율표 = BS 총계 | D9: 04_structure.json xrefs | E9: 차이 0 (천원 반올림 ±5,000원 이내)
A10: 7 | B10: 서술 검산 5건 | C10: 주당이익 211원 = 2,527,450,060 ÷ 12,000,000주, 배당성향 85.46% = 2,160,000 ÷ 2,527,450, 부채비율 40.8% = 8,031,678 ÷ 19,680,714, 유효세율 8.51% = 235,114 ÷ 2,762,564, 법인세비용 235,114 = 555,376 − 2,732 + 21,114 − 94,558 − 21,587 − 222,499 | D10: 워크북 서술검산 시트 | E10: 차이 0
A11: 8 | B11: 주4 표4 합계행 빈칸 (format_audit B) | C11: 기대손실율 열의 합계 칸이 비어 있음 | D11: 주4/표4 행7 열1·4 | E11: 기각 — 비율 열은 합계 대상이 아니며 비우는 것이 관행
A12: 9 | B12: 감사의견·핵심감사사항 | C12: 적정의견, 핵심감사사항 1건(상품매출 기간귀속의 정확성 — 주석 2.17·7 참조) | D12: 독립된 감사인의 감사보고서 본문 | E12: 본문 확인, 참조 주석 번호 존재
